State,Year,Month,Season,Temperature_C,Humidity_pct,Pressure_hPa,WindSpeed_mps,CloudCover_pct,Rainfall_mm
Rajasthan,2010,1,Winter,29.0,33.9,1017.5,4.0,31.5,33.8
Rajasthan,2010,2,Winter,31.2,41.1,1009.7,3.0,28.0,33.9
Rajasthan,2010,3,Pre-Monsoon,35.5,19.7,1000.9,1.9,19.8,33.6
Rajasthan,2010,4,Pre-Monsoon,33.2,23.7,1023.3,2.3,36.0,5.2
Rajasthan,2010,5,Pre-Monsoon,33.9,35.9,1004.9,2.9,26.0,34.5
Rajasthan,2010,6,Monsoon,30.8,69.8,1012.9,3.4,87.3,82.2
Rajasthan,2010,7,Monsoon,32.4,39.3,1003.7,4.7,86.1,94.4
Rajasthan,2010,8,Monsoon,31.8,52.6,1002.7,3.8,68.1,106.1
Rajasthan,2010,9,Monsoon,32.7,40.9,1015.3,4.1,64.8,82.5
Rajasthan,2010,10,Post-Monsoon,34.1,42.5,1007.1,2.2,40.0,74.1
Rajasthan,2010,11,Post-Monsoon,31.0,33.5,1005.3,1.3,47.2,82.9
Rajasthan,2010,12,Winter,27.9,43.0,1015.5,1.9,40.4,82.7
Rajasthan,2011,1,Winter,27.9,47.5,994.7,3.3,36.3,53.7
Rajasthan,2011,2,Winter,28.2,19.1,1011.5,2.9,57.2,42.2
Rajasthan,2011,3,Pre-Monsoon,33.4,31.0,1019.4,2.8,27.1,42.7
Rajasthan,2011,4,Pre-Monsoon,35.2,42.7,1008.1,2.2,29.1,16.4
Rajasthan,2011,5,Pre-Monsoon,35.6,37.1,1013.0,2.3,13.8,19.6
Rajasthan,2011,6,Monsoon,31.3,48.6,1011.9,4.9,100.0,107.9
Rajasthan,2011,7,Monsoon,32.5,54.4,999.6,4.5,75.9,142.8
Rajasthan,2011,8,Monsoon,31.6,57.4,1012.8,3.3,92.1,118.1
Rajasthan,2011,9,Monsoon,33.6,47.7,1022.8,3.1,83.8,130.4
Rajasthan,2011,10,Post-Monsoon,30.0,30.5,1013.7,2.0,11.7,23.6
Rajasthan,2011,11,Post-Monsoon,29.9,38.8,1006.6,4.0,23.3,32.8
Rajasthan,2011,12,Winter,29.6,25.2,1014.6,3.8,10.9,21.7
Rajasthan,2012,1,Winter,28.5,41.3,1004.3,1.2,42.8,63.2
Rajasthan,2012,2,Winter,28.5,37.8,1008.2,2.7,39.4,36.6
Rajasthan,2012,3,Pre-Monsoon,38.7,38.8,1004.7,3.2,20.4,53.5
Rajasthan,2012,4,Pre-Monsoon,37.3,28.4,1019.7,2.9,47.3,85.0
Rajasthan,2012,5,Pre-Monsoon,34.5,29.0,1006.8,1.7,33.8,48.6
Rajasthan,2012,6,Monsoon,32.6,61.6,1013.1,6.0,71.0,143.0
Rajasthan,2012,7,Monsoon,33.3,48.1,1005.5,5.0,71.6,98.3
Rajasthan,2012,8,Monsoon,32.9,54.4,1007.1,3.0,68.3,101.6
Rajasthan,2012,9,Monsoon,32.4,45.0,1014.2,4.9,61.7,73.8
Rajasthan,2012,10,Post-Monsoon,32.1,25.9,1015.5,3.1,51.2,71.4
Rajasthan,2012,11,Post-Monsoon,29.2,27.5,1016.6,3.0,42.7,121.1
Rajasthan,2012,12,Winter,29.1,44.1,1019.7,3.2,30.3,58.0
Rajasthan,2013,1,Winter,26.5,33.1,1009.6,2.6,69.7,34.5
Rajasthan,2013,2,Winter,29.4,22.1,1009.7,3.6,36.0,16.6
Rajasthan,2013,3,Pre-Monsoon,33.6,40.4,1007.9,2.7,35.7,36.6
Rajasthan,2013,4,Pre-Monsoon,39.3,40.1,998.8,2.7,25.1,61.6
Rajasthan,2013,5,Pre-Monsoon,33.4,34.1,1016.5,3.4,17.0,20.7
Rajasthan,2013,6,Monsoon,31.1,49.8,1025.4,4.9,56.1,82.9
Rajasthan,2013,7,Monsoon,36.2,63.3,1002.4,4.0,94.0,98.1
Rajasthan,2013,8,Monsoon,32.9,61.2,1006.5,4.4,26.4,34.7
Rajasthan,2013,9,Monsoon,31.5,45.0,1024.4,3.1,68.4,74.6
Rajasthan,2013,10,Post-Monsoon,34.9,23.5,1021.1,2.5,20.3,31.1
Rajasthan,2013,11,Post-Monsoon,32.4,30.2,1013.5,2.1,36.7,55.3
Rajasthan,2013,12,Winter,31.2,25.1,1027.9,0.5,32.7,41.8
Rajasthan,2014,1,Winter,28.6,30.0,1011.5,2.0,26.2,35.9
Rajasthan,2014,2,Winter,28.7,29.5,1019.3,2.8,47.2,42.2
Rajasthan,2014,3,Pre-Monsoon,33.3,30.5,1018.2,3.1,34.7,28.8
Rajasthan,2014,4,Pre-Monsoon,37.6,30.3,1016.8,2.3,31.7,41.2
Rajasthan,2014,5,Pre-Monsoon,36.7,41.5,1022.1,2.5,45.2,32.2
Rajasthan,2014,6,Monsoon,32.6,54.0,1013.7,5.1,62.7,83.3
Rajasthan,2014,7,Monsoon,30.0,45.3,1021.1,5.3,84.4,69.1
Rajasthan,2014,8,Monsoon,32.0,47.8,1013.5,3.8,89.6,64.4
Rajasthan,2014,9,Monsoon,30.3,52.4,1015.9,3.9,62.7,56.1
Rajasthan,2014,10,Post-Monsoon,32.5,30.9,1009.7,2.7,13.3,0.0
Rajasthan,2014,11,Post-Monsoon,30.6,33.3,1015.2,4.0,47.9,34.3
Rajasthan,2014,12,Winter,28.0,27.0,1012.9,2.2,39.8,18.5
Rajasthan,2015,1,Winter,29.0,47.3,1012.2,2.9,45.4,36.2
Rajasthan,2015,2,Winter,28.4,35.1,1013.7,1.7,35.4,37.7
Rajasthan,2015,3,Pre-Monsoon,37.9,42.7,1028.1,1.7,48.1,39.6
Rajasthan,2015,4,Pre-Monsoon,39.4,28.5,1007.1,1.9,3.1,4.4
Rajasthan,2015,5,Pre-Monsoon,33.5,36.2,1015.4,4.4,49.3,30.4
Rajasthan,2015,6,Monsoon,30.2,58.9,1003.8,6.3,92.7,69.0
Rajasthan,2015,7,Monsoon,28.6,65.8,1012.2,5.7,51.1,44.4
Rajasthan,2015,8,Monsoon,32.0,55.4,1009.8,5.1,59.0,51.5
Rajasthan,2015,9,Monsoon,32.2,59.1,1018.0,3.4,52.0,66.8
Rajasthan,2015,10,Post-Monsoon,32.7,29.0,1023.9,2.6,52.7,36.0
Rajasthan,2015,11,Post-Monsoon,36.1,49.0,1011.3,3.5,44.7,61.6
Rajasthan,2015,12,Winter,26.1,40.5,1020.4,0.7,17.3,0.0
Rajasthan,2016,1,Winter,27.5,40.7,1023.5,2.6,59.4,35.0
Rajasthan,2016,2,Winter,24.6,34.6,1015.7,2.5,4.0,15.9
Rajasthan,2016,3,Pre-Monsoon,32.4,40.4,1015.6,1.6,27.3,18.6
Rajasthan,2016,4,Pre-Monsoon,34.9,42.6,1006.1,3.0,27.0,28.9
Rajasthan,2016,5,Pre-Monsoon,34.8,26.7,1009.1,1.3,64.5,64.7
Rajasthan,2016,6,Monsoon,30.6,56.7,1012.2,4.3,84.2,111.7
Rajasthan,2016,7,Monsoon,30.9,50.4,1011.1,2.2,52.3,95.0
Rajasthan,2016,8,Monsoon,35.3,53.0,1017.0,4.8,100.0,127.4
Rajasthan,2016,9,Monsoon,31.7,47.4,1001.8,4.7,63.7,50.2
Rajasthan,2016,10,Post-Monsoon,30.7,26.3,1024.8,3.4,34.9,63.4
Rajasthan,2016,11,Post-Monsoon,32.2,28.1,1023.7,3.0,19.4,19.1
Rajasthan,2016,12,Winter,26.2,23.9,1019.5,4.4,14.0,29.0
Rajasthan,2017,1,Winter,26.7,31.1,1008.9,1.6,35.7,27.1
Rajasthan,2017,2,Winter,28.5,34.6,1011.3,1.6,26.3,52.4
Rajasthan,2017,3,Pre-Monsoon,36.0,27.2,1013.7,3.3,10.0,29.7
Rajasthan,2017,4,Pre-Monsoon,33.7,39.6,1007.7,0.7,10.6,30.1
Rajasthan,2017,5,Pre-Monsoon,35.5,27.8,1017.5,0.8,34.0,12.7
Rajasthan,2017,6,Monsoon,30.7,55.4,1007.0,4.1,90.1,91.0
Rajasthan,2017,7,Monsoon,33.7,46.0,1016.7,5.9,37.9,35.3
Rajasthan,2017,8,Monsoon,33.2,53.4,1015.6,3.9,76.3,83.7
Rajasthan,2017,9,Monsoon,34.3,57.0,1015.4,4.1,67.7,73.6
Rajasthan,2017,10,Post-Monsoon,32.8,31.6,1015.0,4.6,48.1,44.9
Rajasthan,2017,11,Post-Monsoon,34.4,31.7,998.7,1.5,6.9,18.1
Rajasthan,2017,12,Winter,28.0,48.4,1015.3,2.3,47.4,16.7
Rajasthan,2018,1,Winter,28.5,41.2,1002.6,3.6,40.1,47.4
Rajasthan,2018,2,Winter,29.3,53.2,1014.3,2.7,28.1,31.7
Rajasthan,2018,3,Pre-Monsoon,36.7,28.2,1013.5,2.0,42.2,51.9
Rajasthan,2018,4,Pre-Monsoon,37.1,30.9,1011.1,1.5,28.3,44.3
Rajasthan,2018,5,Pre-Monsoon,36.5,27.6,1019.1,3.9,41.2,79.4
Rajasthan,2018,6,Monsoon,30.5,45.0,1000.5,6.0,84.8,93.5
Rajasthan,2018,7,Monsoon,32.6,46.0,1030.1,4.6,76.6,91.4
Rajasthan,2018,8,Monsoon,33.0,56.8,1007.5,5.0,100.0,138.0
Rajasthan,2018,9,Monsoon,35.2,50.9,1006.1,4.4,75.8,110.7
Rajasthan,2018,10,Post-Monsoon,28.6,47.2,1011.9,2.1,19.8,6.3
Rajasthan,2018,11,Post-Monsoon,33.6,35.6,1004.0,1.2,30.0,77.1
Rajasthan,2018,12,Winter,27.5,23.0,1011.3,2.2,0.0,8.2
Rajasthan,2019,1,Winter,27.5,40.6,1025.9,3.6,31.0,21.6
Rajasthan,2019,2,Winter,33.1,35.5,1013.1,2.5,38.0,56.6
Rajasthan,2019,3,Pre-Monsoon,33.9,30.6,1012.8,2.0,24.3,45.3
Rajasthan,2019,4,Pre-Monsoon,34.5,47.0,994.4,3.6,53.7,41.5
Rajasthan,2019,5,Pre-Monsoon,34.3,32.0,1003.1,1.7,18.3,88.0
Rajasthan,2019,6,Monsoon,33.9,65.2,1018.1,3.4,67.1,124.0
Rajasthan,2019,7,Monsoon,29.6,60.7,1011.3,4.1,85.7,142.1
Rajasthan,2019,8,Monsoon,31.3,64.3,1005.4,5.1,83.9,126.5
Rajasthan,2019,9,Monsoon,32.7,45.0,1019.5,4.3,67.2,122.1
Rajasthan,2019,10,Post-Monsoon,30.6,23.7,1002.1,3.1,15.8,79.5
Rajasthan,2019,11,Post-Monsoon,27.8,48.6,1014.5,2.4,26.8,68.6
Rajasthan,2019,12,Winter,27.9,43.8,1013.8,2.7,29.5,56.3
Rajasthan,2020,1,Winter,28.6,21.3,1003.6,3.2,37.6,49.1
Rajasthan,2020,2,Winter,28.0,37.8,1009.2,1.7,37.9,38.7
Rajasthan,2020,3,Pre-Monsoon,35.8,21.4,1020.2,3.0,38.8,72.1
Rajasthan,2020,4,Pre-Monsoon,38.3,43.1,1000.1,1.2,25.6,60.9
Rajasthan,2020,5,Pre-Monsoon,36.0,29.2,1014.3,1.7,25.8,5.6
Rajasthan,2020,6,Monsoon,30.2,44.2,1006.2,5.6,60.8,162.9
Rajasthan,2020,7,Monsoon,33.0,56.5,1007.0,5.2,66.4,112.6
Rajasthan,2020,8,Monsoon,37.1,54.2,1021.0,3.8,74.5,154.9
Rajasthan,2020,9,Monsoon,30.7,69.5,1018.0,3.9,84.5,158.0
Rajasthan,2020,10,Post-Monsoon,33.2,22.4,1007.9,2.3,33.9,64.8
Rajasthan,2020,11,Post-Monsoon,32.4,24.3,1015.7,3.1,43.4,84.1
Rajasthan,2020,12,Winter,29.7,38.7,1012.5,0.8,41.4,72.2
Rajasthan,2021,1,Winter,28.5,24.8,1005.4,3.6,34.4,53.9
Rajasthan,2021,2,Winter,28.1,35.2,1019.6,2.0,36.4,33.2
Rajasthan,2021,3,Pre-Monsoon,34.1,32.5,1014.6,2.0,53.8,38.9
Rajasthan,2021,4,Pre-Monsoon,34.6,31.5,1023.1,2.7,50.5,20.3
Rajasthan,2021,5,Pre-Monsoon,35.5,42.1,1013.6,3.6,27.2,69.8
Rajasthan,2021,6,Monsoon,36.6,52.1,1009.9,6.0,98.7,95.8
Rajasthan,2021,7,Monsoon,31.2,52.7,1003.6,3.6,59.9,62.8
Rajasthan,2021,8,Monsoon,31.9,56.9,1023.9,3.5,89.8,92.1
Rajasthan,2021,9,Monsoon,31.9,60.4,1005.1,4.9,77.5,106.0
Rajasthan,2021,10,Post-Monsoon,32.6,54.6,1008.5,2.0,25.7,38.8
Rajasthan,2021,11,Post-Monsoon,30.7,44.5,1022.9,1.9,22.5,45.0
Rajasthan,2021,12,Winter,26.9,40.1,1014.4,1.0,58.2,100.8
Rajasthan,2022,1,Winter,26.8,31.9,1015.0,2.8,44.9,89.2
Rajasthan,2022,2,Winter,27.6,28.6,1003.3,1.8,34.5,79.3
Rajasthan,2022,3,Pre-Monsoon,34.0,36.8,1012.9,3.7,72.9,64.6
Rajasthan,2022,4,Pre-Monsoon,34.0,43.4,1017.8,4.3,43.8,46.7
Rajasthan,2022,5,Pre-Monsoon,36.2,43.9,1018.7,3.0,51.0,83.0
Rajasthan,2022,6,Monsoon,34.8,60.2,1011.8,4.6,93.1,89.5
Rajasthan,2022,7,Monsoon,32.7,51.9,1013.2,5.8,77.9,89.1
Rajasthan,2022,8,Monsoon,29.3,61.0,1017.5,6.7,70.4,90.3
Rajasthan,2022,9,Monsoon,32.5,67.6,1012.3,4.8,84.1,106.7
Rajasthan,2022,10,Post-Monsoon,31.1,36.6,1020.5,1.5,37.0,29.3
Rajasthan,2022,11,Post-Monsoon,34.4,22.8,1009.1,2.9,58.5,55.5
Rajasthan,2022,12,Winter,26.9,50.0,1002.9,0.3,41.6,52.1
Rajasthan,2023,1,Winter,26.0,40.7,1014.7,1.9,15.8,48.6
Rajasthan,2023,2,Winter,29.3,34.2,1025.9,1.4,12.1,6.0
Rajasthan,2023,3,Pre-Monsoon,34.9,36.9,1011.3,2.9,16.2,59.5
Rajasthan,2023,4,Pre-Monsoon,34.8,43.9,1015.4,3.0,43.5,64.0
Rajasthan,2023,5,Pre-Monsoon,36.3,45.6,1014.4,3.2,33.7,77.4
Rajasthan,2023,6,Monsoon,30.6,69.4,1012.7,3.1,76.9,84.5
Rajasthan,2023,7,Monsoon,33.7,49.8,1009.9,2.6,68.2,32.0
Rajasthan,2023,8,Monsoon,28.8,61.1,1018.5,4.9,60.5,76.7
Rajasthan,2023,9,Monsoon,32.0,45.7,1023.5,5.4,71.7,75.9
Rajasthan,2023,10,Post-Monsoon,32.4,18.7,1011.3,1.8,20.0,17.1
Rajasthan,2023,11,Post-Monsoon,35.6,40.1,1009.0,3.1,56.0,83.8
Rajasthan,2023,12,Winter,28.1,29.8,1017.9,2.9,48.4,62.2
Rajasthan,2024,1,Winter,30.1,30.7,1022.2,2.7,66.1,48.7
Rajasthan,2024,2,Winter,31.5,36.6,1008.4,2.0,30.2,51.2
Rajasthan,2024,3,Pre-Monsoon,36.0,30.4,1012.8,4.6,60.9,70.6
Rajasthan,2024,4,Pre-Monsoon,35.1,36.0,1017.3,1.5,31.1,6.2
Rajasthan,2024,5,Pre-Monsoon,35.8,40.2,1009.6,4.1,16.6,4.3
Rajasthan,2024,6,Monsoon,32.4,63.4,1024.8,4.0,91.2,100.3
Rajasthan,2024,7,Monsoon,31.7,62.1,1017.6,2.9,97.1,135.5
Rajasthan,2024,8,Monsoon,30.7,58.2,1016.5,4.8,66.7,68.3
Rajasthan,2024,9,Monsoon,31.9,64.4,1016.8,4.1,86.6,44.2
Rajasthan,2024,10,Post-Monsoon,34.3,21.1,1010.5,1.4,15.6,44.1
Rajasthan,2024,11,Post-Monsoon,31.1,37.8,1012.7,3.0,36.2,20.9
Rajasthan,2024,12,Winter,30.0,31.0,1002.1,2.1,57.5,80.8
Maharashtra,2010,1,Winter,25.3,57.2,1010.7,4.6,40.7,71.2
Maharashtra,2010,2,Winter,28.1,61.9,1011.2,2.3,33.9,59.1
Maharashtra,2010,3,Pre-Monsoon,34.5,60.4,1018.1,2.4,36.2,18.0
Maharashtra,2010,4,Pre-Monsoon,34.8,62.8,1020.0,-0.4,66.3,79.9
Maharashtra,2010,5,Pre-Monsoon,35.2,51.7,1017.3,1.4,25.6,82.9
Maharashtra,2010,6,Monsoon,29.6,81.7,1019.1,5.0,77.3,110.5
Maharashtra,2010,7,Monsoon,34.8,79.5,1014.4,5.6,91.6,139.0
Maharashtra,2010,8,Monsoon,31.3,70.9,1024.4,3.4,79.5,81.3
Maharashtra,2010,9,Monsoon,29.9,82.6,1015.2,4.9,99.2,131.9
Maharashtra,2010,10,Post-Monsoon,29.5,67.7,1021.3,1.3,44.0,81.3
Maharashtra,2010,11,Post-Monsoon,29.4,71.0,1011.9,2.6,32.4,64.1
Maharashtra,2010,12,Winter,23.8,48.5,1024.2,1.7,20.1,0.0
Maharashtra,2011,1,Winter,24.7,49.4,1024.5,3.5,24.7,84.6
Maharashtra,2011,2,Winter,28.0,57.4,995.5,4.8,14.2,14.7
Maharashtra,2011,3,Pre-Monsoon,35.0,79.5,1022.7,3.1,43.9,90.8
Maharashtra,2011,4,Pre-Monsoon,34.5,62.2,1013.7,2.4,23.7,45.2
Maharashtra,2011,5,Pre-Monsoon,29.6,59.2,1006.1,1.4,37.7,91.1
Maharashtra,2011,6,Monsoon,31.8,67.4,1006.1,5.4,60.3,81.8
Maharashtra,2011,7,Monsoon,31.1,72.3,1013.7,3.2,66.0,97.0
Maharashtra,2011,8,Monsoon,26.8,83.5,1012.9,5.1,78.4,134.9
Maharashtra,2011,9,Monsoon,30.3,76.6,1013.9,5.0,75.7,101.8
Maharashtra,2011,10,Post-Monsoon,28.6,54.7,1003.2,4.2,16.3,30.8
Maharashtra,2011,11,Post-Monsoon,28.6,67.2,1010.9,3.7,24.9,61.4
Maharashtra,2011,12,Winter,24.3,77.2,1004.7,2.8,44.5,88.3
Maharashtra,2012,1,Winter,25.6,59.0,1013.3,2.4,49.5,113.8
Maharashtra,2012,2,Winter,24.9,49.0,1012.4,5.1,22.9,75.6
Maharashtra,2012,3,Pre-Monsoon,36.4,55.6,1017.0,4.1,29.3,45.9
Maharashtra,2012,4,Pre-Monsoon,31.8,51.9,1008.5,1.3,35.5,40.8
Maharashtra,2012,5,Pre-Monsoon,33.5,47.6,1015.3,3.3,5.1,34.0
Maharashtra,2012,6,Monsoon,32.5,70.3,1024.7,4.9,64.4,82.7
Maharashtra,2012,7,Monsoon,31.1,80.6,1016.8,3.6,77.5,75.4
Maharashtra,2012,8,Monsoon,29.8,72.8,1007.9,5.7,91.4,125.8
Maharashtra,2012,9,Monsoon,27.8,77.5,1021.5,4.6,100.0,125.8
Maharashtra,2012,10,Post-Monsoon,30.4,57.5,1013.9,2.3,45.6,84.6
Maharashtra,2012,11,Post-Monsoon,28.4,49.4,1000.1,3.0,18.4,1.3
Maharashtra,2012,12,Winter,26.8,79.9,1013.0,3.3,36.2,69.8
Maharashtra,2013,1,Winter,27.8,57.7,1014.9,2.8,25.0,68.5
Maharashtra,2013,2,Winter,25.7,54.0,1016.8,1.6,35.4,53.8
Maharashtra,2013,3,Pre-Monsoon,35.2,63.8,1012.8,3.3,55.9,89.0
Maharashtra,2013,4,Pre-Monsoon,33.0,49.5,1005.5,2.2,25.9,44.4
Maharashtra,2013,5,Pre-Monsoon,33.1,64.2,1012.5,3.0,36.0,22.8
Maharashtra,2013,6,Monsoon,28.1,78.8,1004.5,5.1,98.0,148.2
Maharashtra,2013,7,Monsoon,29.6,91.9,1014.0,4.2,65.8,96.1
Maharashtra,2013,8,Monsoon,29.2,81.4,1014.1,4.5,81.6,132.2
Maharashtra,2013,9,Monsoon,31.9,68.1,995.1,5.4,54.5,81.9
Maharashtra,2013,10,Post-Monsoon,27.7,45.6,1016.8,3.3,26.4,0.0
Maharashtra,2013,11,Post-Monsoon,28.9,63.1,1002.6,2.7,34.8,76.2
Maharashtra,2013,12,Winter,26.2,52.2,1021.4,2.3,34.6,31.8
Maharashtra,2014,1,Winter,25.1,52.9,1011.8,4.2,14.4,4.4
Maharashtra,2014,2,Winter,28.9,58.3,1008.3,3.5,25.9,62.2
Maharashtra,2014,3,Pre-Monsoon,34.4,56.1,1028.1,1.9,46.1,45.7
Maharashtra,2014,4,Pre-Monsoon,35.6,72.5,1013.2,1.7,41.9,40.7
Maharashtra,2014,5,Pre-Monsoon,37.0,61.1,1010.4,2.7,14.8,17.4
Maharashtra,2014,6,Monsoon,32.4,74.7,1005.7,5.0,92.8,91.8
Maharashtra,2014,7,Monsoon,32.0,73.9,1003.0,6.0,70.2,66.0
Maharashtra,2014,8,Monsoon,32.7,84.4,1016.2,6.7,65.3,80.5
Maharashtra,2014,9,Monsoon,30.1,82.1,1023.7,5.0,83.1,89.4
Maharashtra,2014,10,Post-Monsoon,29.3,53.3,1005.7,0.5,65.8,42.2
Maharashtra,2014,11,Post-Monsoon,29.6,57.8,1015.2,3.3,47.9,38.7
Maharashtra,2014,12,Winter,25.7,62.3,1011.3,4.1,42.4,57.0
Maharashtra,2015,1,Winter,27.3,69.4,1014.3,1.2,41.0,39.0
Maharashtra,2015,2,Winter,24.9,64.7,1021.7,2.5,39.6,67.1
Maharashtra,2015,3,Pre-Monsoon,33.5,80.8,1017.0,0.7,46.3,60.5
Maharashtra,2015,4,Pre-Monsoon,35.6,65.4,1012.0,1.3,31.9,30.0
Maharashtra,2015,5,Pre-Monsoon,31.8,64.7,1024.7,2.9,17.1,36.0
Maharashtra,2015,6,Monsoon,32.4,75.1,1012.1,4.5,63.2,72.7
Maharashtra,2015,7,Monsoon,29.8,83.4,1006.8,4.1,85.8,76.0
Maharashtra,2015,8,Monsoon,33.5,76.8,1014.6,5.4,53.7,33.6
Maharashtra,2015,9,Monsoon,26.9,90.1,1009.1,7.1,66.5,75.1
Maharashtra,2015,10,Post-Monsoon,33.1,76.0,1027.4,3.7,50.4,60.8
Maharashtra,2015,11,Post-Monsoon,31.6,55.6,1007.3,2.5,32.4,33.1
Maharashtra,2015,12,Winter,27.4,67.6,1013.6,4.0,17.9,31.9
Maharashtra,2016,1,Winter,24.6,45.1,1012.4,2.4,57.7,80.8
Maharashtra,2016,2,Winter,24.0,74.8,1021.5,3.1,31.6,42.4
Maharashtra,2016,3,Pre-Monsoon,32.3,68.7,1026.2,4.0,27.7,30.5
Maharashtra,2016,4,Pre-Monsoon,33.3,45.9,1015.3,2.4,28.0,11.9
Maharashtra,2016,5,Pre-Monsoon,34.0,55.7,1004.8,-0.4,34.6,94.6
Maharashtra,2016,6,Monsoon,33.3,76.3,1008.8,5.0,60.0,96.3
Maharashtra,2016,7,Monsoon,31.5,89.8,1012.3,4.3,61.8,81.9
Maharashtra,2016,8,Monsoon,29.5,82.9,1019.4,3.7,97.4,114.5
Maharashtra,2016,9,Monsoon,30.0,74.0,996.0,5.4,86.1,109.2
Maharashtra,2016,10,Post-Monsoon,30.1,64.1,1002.1,2.0,46.9,50.1
Maharashtra,2016,11,Post-Monsoon,30.6,49.1,1016.3,2.5,10.8,54.9
Maharashtra,2016,12,Winter,24.5,53.5,1014.4,3.6,19.8,43.4
Maharashtra,2017,1,Winter,26.9,65.5,1014.2,2.1,22.6,53.4
Maharashtra,2017,2,Winter,23.9,36.6,1016.1,3.4,0.0,0.0
Maharashtra,2017,3,Pre-Monsoon,34.2,76.5,1013.1,1.8,32.3,93.9
Maharashtra,2017,4,Pre-Monsoon,31.7,53.6,1009.6,1.5,36.8,90.3
Maharashtra,2017,5,Pre-Monsoon,33.6,58.0,1011.0,0.9,48.2,67.4
Maharashtra,2017,6,Monsoon,29.6,105.5,1015.1,3.7,68.6,135.1
Maharashtra,2017,7,Monsoon,30.2,68.5,1019.4,3.8,100.0,134.9
Maharashtra,2017,8,Monsoon,29.1,90.2,1013.5,5.4,82.3,97.6
Maharashtra,2017,9,Monsoon,28.7,88.2,1010.7,4.1,60.7,105.7
Maharashtra,2017,10,Post-Monsoon,34.1,51.5,1013.2,3.9,33.8,61.7
Maharashtra,2017,11,Post-Monsoon,27.9,63.4,1011.7,3.5,52.8,127.4
Maharashtra,2017,12,Winter,27.2,62.6,1014.4,2.1,40.1,58.0
Maharashtra,2018,1,Winter,26.3,70.5,1006.0,3.6,54.8,81.4
Maharashtra,2018,2,Winter,21.8,55.1,1022.1,2.5,20.0,30.2
Maharashtra,2018,3,Pre-Monsoon,34.7,64.4,1011.3,2.1,29.1,38.9
Maharashtra,2018,4,Pre-Monsoon,36.2,57.4,1021.5,4.0,50.0,57.2
Maharashtra,2018,5,Pre-Monsoon,33.8,59.8,1006.7,2.8,17.3,70.8
Maharashtra,2018,6,Monsoon,29.1,81.6,1015.0,4.2,83.8,100.5
Maharashtra,2018,7,Monsoon,31.7,69.2,1013.9,6.4,60.0,70.4
Maharashtra,2018,8,Monsoon,31.0,81.4,1015.5,5.0,84.5,132.5
Maharashtra,2018,9,Monsoon,30.8,78.1,1017.7,6.4,73.0,78.7
Maharashtra,2018,10,Post-Monsoon,32.2,59.0,997.8,3.3,27.0,56.1
Maharashtra,2018,11,Post-Monsoon,30.7,61.5,1018.0,2.1,42.7,58.7
Maharashtra,2018,12,Winter,27.5,64.9,1006.5,3.6,27.0,74.1
Maharashtra,2019,1,Winter,26.7,74.7,1011.4,2.2,34.7,80.5
Maharashtra,2019,2,Winter,27.6,47.1,1005.6,1.4,49.3,129.5
Maharashtra,2019,3,Pre-Monsoon,32.8,58.6,1013.5,3.7,21.1,66.9
Maharashtra,2019,4,Pre-Monsoon,35.0,64.0,1014.3,3.5,0.0,60.1
Maharashtra,2019,5,Pre-Monsoon,31.7,45.4,1016.6,3.9,32.9,85.8
Maharashtra,2019,6,Monsoon,33.2,90.5,1024.5,5.2,76.1,95.4
Maharashtra,2019,7,Monsoon,29.5,73.3,1028.2,4.3,76.8,136.7
Maharashtra,2019,8,Monsoon,30.1,93.6,1008.6,4.7,63.9,100.6
Maharashtra,2019,9,Monsoon,28.8,79.7,1010.0,3.8,53.9,110.9
Maharashtra,2019,10,Post-Monsoon,27.0,66.1,1013.6,1.0,30.4,56.5
Maharashtra,2019,11,Post-Monsoon,30.6,70.7,999.9,2.6,32.6,106.6
Maharashtra,2019,12,Winter,26.4,54.0,1010.8,1.7,51.1,90.2
Maharashtra,2020,1,Winter,29.8,59.5,1008.0,1.0,8.0,9.3
Maharashtra,2020,2,Winter,26.5,64.1,1001.9,3.4,27.8,81.7
Maharashtra,2020,3,Pre-Monsoon,36.2,67.2,1011.1,1.6,2.7,30.7
Maharashtra,2020,4,Pre-Monsoon,32.6,52.1,1012.1,2.6,31.6,50.3
Maharashtra,2020,5,Pre-Monsoon,33.3,63.5,1005.4,3.9,33.5,82.1
Maharashtra,2020,6,Monsoon,31.4,81.9,1019.7,4.8,65.8,131.5
Maharashtra,2020,7,Monsoon,27.7,80.9,1012.8,4.3,73.1,83.5
Maharashtra,2020,8,Monsoon,28.9,80.7,1014.1,3.5,94.0,130.9
Maharashtra,2020,9,Monsoon,31.9,83.4,1008.5,6.3,57.1,143.9
Maharashtra,2020,10,Post-Monsoon,32.0,54.6,1022.7,2.2,39.3,78.5
Maharashtra,2020,11,Post-Monsoon,29.7,66.5,1018.6,0.8,54.6,55.7
Maharashtra,2020,12,Winter,28.1,69.0,1005.4,2.1,18.4,64.6
Maharashtra,2021,1,Winter,25.4,66.2,1022.2,3.9,26.6,47.9
Maharashtra,2021,2,Winter,22.6,53.6,1019.8,4.1,16.5,25.6
Maharashtra,2021,3,Pre-Monsoon,32.9,62.2,1007.3,2.9,27.9,56.4
Maharashtra,2021,4,Pre-Monsoon,34.1,60.1,1009.9,2.4,33.7,51.6
Maharashtra,2021,5,Pre-Monsoon,32.5,72.8,1016.9,2.2,45.5,66.6
Maharashtra,2021,6,Monsoon,32.3,83.0,1012.2,4.9,51.4,63.5
Maharashtra,2021,7,Monsoon,27.6,81.1,1025.1,6.7,84.6,116.3
Maharashtra,2021,8,Monsoon,26.4,75.7,1007.5,3.9,72.5,90.9
Maharashtra,2021,9,Monsoon,26.0,86.0,1005.5,4.7,100.0,111.0
Maharashtra,2021,10,Post-Monsoon,24.9,57.7,1020.7,4.5,16.6,49.5
Maharashtra,2021,11,Post-Monsoon,29.1,59.2,1031.5,1.0,38.8,63.3
Maharashtra,2021,12,Winter,28.2,60.8,1015.2,2.1,39.0,54.8
Maharashtra,2022,1,Winter,27.2,57.0,1015.6,2.5,51.9,68.5
Maharashtra,2022,2,Winter,22.5,70.1,1006.7,1.8,26.1,87.7
Maharashtra,2022,3,Pre-Monsoon,28.7,85.1,1020.4,2.7,34.2,76.0
Maharashtra,2022,4,Pre-Monsoon,34.0,65.2,1016.9,2.6,32.0,54.9
Maharashtra,2022,5,Pre-Monsoon,32.6,69.1,1017.2,-0.4,44.8,74.3
Maharashtra,2022,6,Monsoon,30.0,76.9,1020.9,5.4,63.4,96.7
Maharashtra,2022,7,Monsoon,28.1,69.0,1008.6,5.4,89.3,119.6
Maharashtra,2022,8,Monsoon,31.5,84.1,1008.5,4.9,87.0,131.8
Maharashtra,2022,9,Monsoon,32.4,85.7,1015.5,5.6,74.6,87.3
Maharashtra,2022,10,Post-Monsoon,29.7,54.0,1008.3,2.4,23.1,41.4
Maharashtra,2022,11,Post-Monsoon,26.2,61.7,1013.0,1.7,44.9,86.5
Maharashtra,2022,12,Winter,22.8,53.9,1007.6,1.6,47.4,63.4
Maharashtra,2023,1,Winter,25.5,44.0,1017.4,1.3,35.9,53.7
Maharashtra,2023,2,Winter,28.7,49.5,991.9,2.7,62.0,107.4
Maharashtra,2023,3,Pre-Monsoon,33.4,56.1,1018.6,1.5,42.1,70.0
Maharashtra,2023,4,Pre-Monsoon,35.1,82.1,1015.7,2.0,34.6,35.3
Maharashtra,2023,5,Pre-Monsoon,31.6,56.7,1009.3,2.7,22.7,70.9
Maharashtra,2023,6,Monsoon,30.0,79.9,1010.7,4.7,87.4,96.2
Maharashtra,2023,7,Monsoon,28.7,77.6,1003.6,3.7,67.9,116.9
Maharashtra,2023,8,Monsoon,30.5,81.5,1019.0,4.4,80.9,104.0
Maharashtra,2023,9,Monsoon,30.5,75.3,995.9,4.4,96.3,142.4
Maharashtra,2023,10,Post-Monsoon,31.9,69.9,1013.6,2.7,25.7,50.8
Maharashtra,2023,11,Post-Monsoon,31.2,69.6,1012.0,2.0,35.0,77.0
Maharashtra,2023,12,Winter,23.1,41.6,1009.1,1.3,27.4,40.3
Maharashtra,2024,1,Winter,25.1,71.6,1015.3,2.8,44.3,49.5
Maharashtra,2024,2,Winter,28.1,59.4,1017.7,1.4,11.7,54.3
Maharashtra,2024,3,Pre-Monsoon,33.8,52.8,1006.9,3.6,17.2,75.5
Maharashtra,2024,4,Pre-Monsoon,31.2,65.1,1010.7,3.1,26.8,53.0
Maharashtra,2024,5,Pre-Monsoon,33.1,52.0,1018.2,2.0,31.6,29.3
Maharashtra,2024,6,Monsoon,24.9,78.5,1029.9,5.3,74.7,89.6
Maharashtra,2024,7,Monsoon,30.0,84.4,1004.7,5.6,85.7,131.7
Maharashtra,2024,8,Monsoon,30.9,80.2,1017.7,5.1,69.7,85.3
Maharashtra,2024,9,Monsoon,30.2,92.4,1004.3,3.0,77.5,116.7
Maharashtra,2024,10,Post-Monsoon,30.3,62.0,1011.4,4.0,11.0,24.8
Maharashtra,2024,11,Post-Monsoon,29.8,46.9,1011.8,4.2,35.3,56.3
Maharashtra,2024,12,Winter,23.5,55.1,1010.4,2.2,54.2,83.4
Karnataka,2010,1,Winter,21.8,67.0,1016.5,3.6,58.7,60.3
Karnataka,2010,2,Winter,22.4,54.9,1011.4,3.0,49.8,66.7
Karnataka,2010,3,Pre-Monsoon,30.4,66.2,1007.2,4.6,10.9,49.3
Karnataka,2010,4,Pre-Monsoon,35.0,65.1,1011.7,2.1,32.3,87.7
Karnataka,2010,5,Pre-Monsoon,26.6,77.3,1003.0,2.2,28.6,79.8
Karnataka,2010,6,Monsoon,24.8,88.7,1027.2,3.1,77.8,91.4
Karnataka,2010,7,Monsoon,28.9,85.2,1008.5,5.0,100.0,123.9
Karnataka,2010,8,Monsoon,29.4,74.7,1006.3,5.0,97.3,127.2
Karnataka,2010,9,Monsoon,27.4,85.0,1004.2,5.1,88.2,110.8
Karnataka,2010,10,Post-Monsoon,27.1,67.1,1009.9,2.4,66.5,84.6
Karnataka,2010,11,Post-Monsoon,27.3,59.8,1018.2,2.3,25.3,75.2
Karnataka,2010,12,Winter,26.8,60.2,999.9,3.5,24.7,71.7
Karnataka,2011,1,Winter,20.1,72.1,1004.5,3.2,35.2,50.6
Karnataka,2011,2,Winter,23.2,70.5,1013.7,3.1,64.6,57.2
Karnataka,2011,3,Pre-Monsoon,34.2,65.8,1006.7,1.2,32.2,81.0
Karnataka,2011,4,Pre-Monsoon,30.7,77.1,1002.8,2.5,16.2,65.4
Karnataka,2011,5,Pre-Monsoon,32.8,61.6,994.8,2.7,41.6,80.4
Karnataka,2011,6,Monsoon,30.5,76.4,1017.8,5.7,48.3,83.8
Karnataka,2011,7,Monsoon,27.0,84.3,1015.4,4.0,64.9,97.0
Karnataka,2011,8,Monsoon,25.8,76.3,1017.8,3.4,85.0,115.9
Karnataka,2011,9,Monsoon,24.5,79.6,1021.4,3.5,68.0,102.9
Karnataka,2011,10,Post-Monsoon,29.6,63.0,1008.8,3.9,61.1,102.7
Karnataka,2011,11,Post-Monsoon,28.2,58.5,1007.2,3.0,41.3,93.3
Karnataka,2011,12,Winter,25.3,53.0,1020.4,1.5,29.2,52.0
Karnataka,2012,1,Winter,28.0,89.9,1017.2,2.3,43.0,99.2
Karnataka,2012,2,Winter,23.4,79.4,1014.6,3.0,45.0,86.2
Karnataka,2012,3,Pre-Monsoon,32.7,60.1,1009.1,1.4,41.6,81.3
Karnataka,2012,4,Pre-Monsoon,31.9,78.4,1013.0,3.2,18.6,49.0
Karnataka,2012,5,Pre-Monsoon,32.4,71.8,1010.9,2.4,12.2,41.3
Karnataka,2012,6,Monsoon,29.8,89.6,1016.5,4.5,75.1,94.0
Karnataka,2012,7,Monsoon,29.4,88.4,1016.4,4.0,42.7,102.5
Karnataka,2012,8,Monsoon,27.0,78.1,1017.9,4.1,90.9,124.8
Karnataka,2012,9,Monsoon,29.4,74.1,1021.5,4.8,69.5,94.3
Karnataka,2012,10,Post-Monsoon,24.4,68.3,1005.8,1.1,12.2,70.6
Karnataka,2012,11,Post-Monsoon,26.7,77.3,1009.2,0.8,18.3,82.0
Karnataka,2012,12,Winter,23.7,60.6,1014.1,3.0,51.8,101.1
Karnataka,2013,1,Winter,23.3,54.4,1010.1,2.8,20.5,25.9
Karnataka,2013,2,Winter,24.7,64.6,1013.2,1.7,31.5,40.2
Karnataka,2013,3,Pre-Monsoon,32.8,73.3,1000.1,1.6,12.6,41.0
Karnataka,2013,4,Pre-Monsoon,30.8,53.4,1006.5,1.5,38.1,61.3
Karnataka,2013,5,Pre-Monsoon,29.6,66.4,1009.2,2.2,60.1,111.1
Karnataka,2013,6,Monsoon,25.4,91.6,1018.7,3.4,87.3,148.1
Karnataka,2013,7,Monsoon,25.8,77.7,1020.1,4.8,83.3,112.0
Karnataka,2013,8,Monsoon,28.8,74.4,1020.3,5.7,71.6,92.9
Karnataka,2013,9,Monsoon,24.9,89.1,1017.0,4.4,91.9,113.5
Karnataka,2013,10,Post-Monsoon,29.1,56.8,1012.8,2.3,38.4,52.3
Karnataka,2013,11,Post-Monsoon,27.7,71.6,1009.9,0.9,61.2,115.6
Karnataka,2013,12,Winter,21.4,70.5,1009.5,2.8,39.4,65.4
Karnataka,2014,1,Winter,22.4,59.5,1006.6,1.7,34.0,32.2
Karnataka,2014,2,Winter,25.4,76.9,1008.9,2.7,42.5,60.2
Karnataka,2014,3,Pre-Monsoon,31.2,70.9,1016.4,1.3,48.0,64.5
Karnataka,2014,4,Pre-Monsoon,29.5,65.3,1017.8,2.3,51.1,84.2
Karnataka,2014,5,Pre-Monsoon,29.4,54.0,1015.1,3.2,31.5,56.4
Karnataka,2014,6,Monsoon,25.3,90.5,1008.8,6.2,100.0,80.8
Karnataka,2014,7,Monsoon,26.9,91.9,1010.3,4.5,75.4,51.0
Karnataka,2014,8,Monsoon,28.0,79.5,1009.5,5.9,56.2,73.5
Karnataka,2014,9,Monsoon,27.4,82.8,1018.5,4.8,83.6,89.9
Karnataka,2014,10,Post-Monsoon,27.3,60.1,1005.4,1.7,79.2,85.5
Karnataka,2014,11,Post-Monsoon,25.3,54.4,1016.4,3.0,43.2,38.9
Karnataka,2014,12,Winter,23.7,67.6,1013.6,0.3,31.6,30.3
Karnataka,2015,1,Winter,24.4,88.9,1015.6,2.2,48.8,67.1
Karnataka,2015,2,Winter,24.8,69.9,1027.4,1.4,42.1,32.3
Karnataka,2015,3,Pre-Monsoon,32.1,57.7,1010.1,2.2,49.6,62.0
Karnataka,2015,4,Pre-Monsoon,28.5,65.4,1008.0,1.2,31.7,38.7
Karnataka,2015,5,Pre-Monsoon,35.9,68.5,1003.4,1.9,50.3,85.2
Karnataka,2015,6,Monsoon,24.8,70.0,1026.1,4.9,62.0,64.3
Karnataka,2015,7,Monsoon,22.7,85.0,1015.3,5.4,59.8,66.1
Karnataka,2015,8,Monsoon,26.1,87.0,1006.7,4.1,60.1,77.4
Karnataka,2015,9,Monsoon,29.7,83.1,1013.3,3.1,70.5,70.0
Karnataka,2015,10,Post-Monsoon,33.2,56.1,1023.2,3.5,39.2,63.6
Karnataka,2015,11,Post-Monsoon,28.7,68.1,1012.6,3.7,51.4,45.1
Karnataka,2015,12,Winter,21.4,63.4,1007.4,2.4,53.6,48.1
Karnataka,2016,1,Winter,23.9,65.5,1018.9,0.3,25.9,56.6
Karnataka,2016,2,Winter,26.4,61.1,999.9,3.1,25.5,33.3
Karnataka,2016,3,Pre-Monsoon,29.8,63.5,1008.8,0.3,48.5,98.9
Karnataka,2016,4,Pre-Monsoon,32.3,55.9,1011.6,2.5,44.0,77.5
Karnataka,2016,5,Pre-Monsoon,29.5,65.7,1016.2,4.0,45.6,85.1
Karnataka,2016,6,Monsoon,28.2,96.3,1015.9,3.6,96.1,142.2
Karnataka,2016,7,Monsoon,27.1,81.2,1015.1,5.0,78.0,111.3
Karnataka,2016,8,Monsoon,31.4,93.6,1014.3,5.4,59.5,106.0
Karnataka,2016,9,Monsoon,31.6,83.3,1007.1,3.8,58.7,78.4
Karnataka,2016,10,Post-Monsoon,27.3,53.8,1013.1,3.4,21.4,74.5
Karnataka,2016,11,Post-Monsoon,29.0,73.2,1008.4,3.4,18.6,73.3
Karnataka,2016,12,Winter,24.3,69.4,1004.8,1.6,44.0,55.9
Karnataka,2017,1,Winter,24.9,54.1,1018.9,1.3,43.3,72.0
Karnataka,2017,2,Winter,22.6,69.7,1014.8,2.0,19.9,12.5
Karnataka,2017,3,Pre-Monsoon,31.7,52.5,1013.7,2.2,45.2,56.1
Karnataka,2017,4,Pre-Monsoon,30.3,70.9,1015.3,2.8,42.0,39.3
Karnataka,2017,5,Pre-Monsoon,32.5,69.9,1005.9,2.3,34.4,64.4
Karnataka,2017,6,Monsoon,28.7,96.5,1020.6,3.2,84.3,143.7
Karnataka,2017,7,Monsoon,28.8,93.7,1027.1,5.5,78.7,129.3
Karnataka,2017,8,Monsoon,28.3,85.2,1010.5,6.1,62.7,127.7
Karnataka,2017,9,Monsoon,29.0,73.8,1015.6,2.4,84.4,123.3
Karnataka,2017,10,Post-Monsoon,26.8,66.0,1026.7,2.0,19.1,73.8
Karnataka,2017,11,Post-Monsoon,31.9,65.0,1020.1,3.8,23.9,40.4
Karnataka,2017,12,Winter,26.5,78.5,1016.9,1.6,64.8,81.5
Karnataka,2018,1,Winter,23.3,67.7,1023.9,3.4,41.2,73.3
Karnataka,2018,2,Winter,24.1,69.5,995.3,2.2,38.6,51.4
Karnataka,2018,3,Pre-Monsoon,31.8,63.4,1025.3,4.1,28.0,47.3
Karnataka,2018,4,Pre-Monsoon,30.9,61.4,1014.4,1.7,18.0,58.0
Karnataka,2018,5,Pre-Monsoon,32.3,58.6,1019.3,1.9,38.8,74.9
Karnataka,2018,6,Monsoon,27.9,88.6,1009.4,4.3,71.9,92.0
Karnataka,2018,7,Monsoon,27.6,72.6,1009.6,4.2,71.2,91.8
Karnataka,2018,8,Monsoon,27.9,88.8,1019.1,3.9,57.0,70.4
Karnataka,2018,9,Monsoon,27.0,82.2,1007.6,3.2,68.2,104.4
Karnataka,2018,10,Post-Monsoon,29.2,60.5,1010.1,1.6,34.5,42.9
Karnataka,2018,11,Post-Monsoon,29.1,50.7,1010.5,2.8,37.8,110.3
Karnataka,2018,12,Winter,24.7,57.0,1012.3,0.7,33.8,39.6
Karnataka,2019,1,Winter,25.8,60.6,1012.2,1.9,61.1,96.1
Karnataka,2019,2,Winter,27.7,71.5,1016.4,2.9,40.9,39.7
Karnataka,2019,3,Pre-Monsoon,30.4,71.8,1012.7,1.1,34.2,129.3
Karnataka,2019,4,Pre-Monsoon,33.5,64.5,1019.7,2.1,9.4,25.9
Karnataka,2019,5,Pre-Monsoon,34.1,62.8,1011.3,2.2,63.6,151.5
Karnataka,2019,6,Monsoon,32.4,83.7,1015.1,3.0,97.2,128.1
Karnataka,2019,7,Monsoon,28.4,76.2,1008.9,3.7,65.9,109.3
Karnataka,2019,8,Monsoon,26.9,91.7,1005.3,4.7,93.3,152.4
Karnataka,2019,9,Monsoon,26.6,83.2,1021.3,4.7,67.0,136.1
Karnataka,2019,10,Post-Monsoon,25.8,70.5,1015.9,2.2,22.4,47.0
Karnataka,2019,11,Post-Monsoon,29.1,74.8,1008.5,3.0,3.7,42.6
Karnataka,2019,12,Winter,23.9,57.7,1006.4,1.8,39.4,77.8
Karnataka,2020,1,Winter,19.5,48.0,1008.8,3.0,0.0,19.9
Karnataka,2020,2,Winter,22.9,76.1,1010.3,2.9,37.1,37.2
Karnataka,2020,3,Pre-Monsoon,32.5,66.7,1016.6,6.4,3.7,92.2
Karnataka,2020,4,Pre-Monsoon,30.4,67.3,1012.7,2.1,26.5,82.0
Karnataka,2020,5,Pre-Monsoon,28.0,71.0,1010.1,1.4,28.2,112.2
Karnataka,2020,6,Monsoon,26.9,87.9,1007.9,5.3,85.3,201.2
Karnataka,2020,7,Monsoon,27.6,90.3,1013.7,5.8,64.2,149.5
Karnataka,2020,8,Monsoon,27.6,84.5,1013.6,4.8,73.3,140.6
Karnataka,2020,9,Monsoon,31.2,92.9,1019.1,4.0,61.7,151.5
Karnataka,2020,10,Post-Monsoon,29.8,76.8,1008.8,2.3,10.4,55.9
Karnataka,2020,11,Post-Monsoon,30.0,61.3,1017.5,2.3,39.9,50.3
Karnataka,2020,12,Winter,24.2,41.1,1011.7,0.9,53.1,101.4
Karnataka,2021,1,Winter,24.9,77.2,1006.4,4.2,49.0,78.2
Karnataka,2021,2,Winter,26.3,56.1,1007.2,1.9,27.1,31.3
Karnataka,2021,3,Pre-Monsoon,33.4,62.9,1015.5,1.9,7.7,43.1
Karnataka,2021,4,Pre-Monsoon,27.2,64.5,1003.4,4.5,48.7,78.4
Karnataka,2021,5,Pre-Monsoon,33.5,58.2,1016.8,2.7,39.0,84.8
Karnataka,2021,6,Monsoon,29.5,87.3,1001.4,3.5,73.2,112.2
Karnataka,2021,7,Monsoon,25.7,104.3,1023.6,5.1,76.1,109.8
Karnataka,2021,8,Monsoon,26.1,85.6,1014.8,3.3,80.0,106.4
Karnataka,2021,9,Monsoon,24.2,78.1,1010.1,6.4,83.3,82.8
Karnataka,2021,10,Post-Monsoon,29.0,52.6,1020.6,2.0,33.6,76.7
Karnataka,2021,11,Post-Monsoon,25.4,53.8,1008.9,3.5,12.2,0.0
Karnataka,2021,12,Winter,23.1,69.4,1021.4,2.0,28.8,79.2
Karnataka,2022,1,Winter,20.3,61.9,1014.3,2.9,27.4,54.0
Karnataka,2022,2,Winter,19.0,59.7,1016.2,1.5,35.9,67.0
Karnataka,2022,3,Pre-Monsoon,30.3,66.4,1006.3,2.3,44.2,75.8
Karnataka,2022,4,Pre-Monsoon,29.8,66.8,1018.0,0.5,52.4,68.1
Karnataka,2022,5,Pre-Monsoon,31.9,74.6,1003.4,1.8,30.7,52.2
Karnataka,2022,6,Monsoon,31.5,78.1,1009.1,4.7,57.0,80.9
Karnataka,2022,7,Monsoon,28.6,82.3,1012.3,4.0,52.3,92.7
Karnataka,2022,8,Monsoon,31.5,85.1,1014.6,5.2,56.0,124.1
Karnataka,2022,9,Monsoon,28.4,98.1,1007.9,6.3,86.6,136.0
Karnataka,2022,10,Post-Monsoon,28.5,63.0,1021.4,2.6,5.5,11.3
Karnataka,2022,11,Post-Monsoon,27.6,67.5,1012.6,3.7,5.7,42.9
Karnataka,2022,12,Winter,20.4,71.1,1012.3,2.9,22.0,80.9
Karnataka,2023,1,Winter,26.1,69.7,1012.1,3.1,24.4,73.6
Karnataka,2023,2,Winter,27.3,73.6,1007.9,2.9,15.6,64.9
Karnataka,2023,3,Pre-Monsoon,31.9,50.0,1004.9,2.2,30.5,28.3
Karnataka,2023,4,Pre-Monsoon,31.8,67.0,1011.6,1.7,50.7,109.2
Karnataka,2023,5,Pre-Monsoon,30.0,60.1,1016.4,2.1,32.9,70.6
Karnataka,2023,6,Monsoon,24.2,95.5,1013.5,4.1,73.7,110.1
Karnataka,2023,7,Monsoon,24.5,97.0,1013.3,4.9,89.3,103.9
Karnataka,2023,8,Monsoon,28.9,82.9,1018.9,2.4,73.5,88.9
Karnataka,2023,9,Monsoon,28.9,88.8,1008.0,3.8,73.3,90.8
Karnataka,2023,10,Post-Monsoon,29.7,62.0,992.7,2.1,19.4,23.1
Karnataka,2023,11,Post-Monsoon,25.5,65.9,1022.3,2.8,25.9,60.4
Karnataka,2023,12,Winter,23.1,59.4,1004.9,0.7,29.2,60.2
Karnataka,2024,1,Winter,23.8,61.7,1006.4,3.1,15.2,62.2
Karnataka,2024,2,Winter,22.0,59.0,1002.7,2.0,49.6,84.3
Karnataka,2024,3,Pre-Monsoon,33.0,69.2,1005.3,2.2,23.3,84.6
Karnataka,2024,4,Pre-Monsoon,28.6,72.1,1019.3,4.3,28.9,72.9
Karnataka,2024,5,Pre-Monsoon,35.6,60.1,1002.3,0.6,45.7,34.0
Karnataka,2024,6,Monsoon,27.3,88.5,1014.3,4.9,78.3,135.6
Karnataka,2024,7,Monsoon,26.1,79.6,1007.6,5.3,88.5,124.5
Karnataka,2024,8,Monsoon,30.4,75.6,1024.7,6.0,86.0,139.9
Karnataka,2024,9,Monsoon,24.7,80.8,1007.9,5.2,59.2,107.9
Karnataka,2024,10,Post-Monsoon,30.7,70.6,1015.0,1.5,22.3,79.2
Karnataka,2024,11,Post-Monsoon,29.6,64.7,1010.1,0.5,18.9,88.2
Karnataka,2024,12,Winter,21.4,66.5,1020.1,1.2,37.8,80.9
Tamil Nadu,2010,1,Winter,27.0,85.9,1001.3,3.6,32.4,92.4
Tamil Nadu,2010,2,Winter,27.9,57.1,1014.6,0.6,44.0,69.6
Tamil Nadu,2010,3,Pre-Monsoon,35.3,71.5,1015.6,2.6,21.8,39.8
Tamil Nadu,2010,4,Pre-Monsoon,36.4,74.5,1011.3,2.5,21.4,80.8
Tamil Nadu,2010,5,Pre-Monsoon,35.3,78.5,1006.9,2.1,38.5,88.1
Tamil Nadu,2010,6,Monsoon,30.6,76.0,1019.2,5.2,61.3,114.1
Tamil Nadu,2010,7,Monsoon,33.3,84.1,1013.6,5.1,62.1,95.3
Tamil Nadu,2010,8,Monsoon,26.7,90.0,1002.1,6.0,70.0,105.0
Tamil Nadu,2010,9,Monsoon,29.7,80.7,1022.9,2.0,94.2,121.3
Tamil Nadu,2010,10,Post-Monsoon,28.6,54.4,1024.7,1.6,17.7,59.7
Tamil Nadu,2010,11,Post-Monsoon,31.7,55.5,1014.5,1.5,51.5,89.9
Tamil Nadu,2010,12,Winter,28.1,65.9,1025.3,2.5,17.3,52.2
Tamil Nadu,2011,1,Winter,31.2,54.9,1010.5,2.9,34.2,36.4
Tamil Nadu,2011,2,Winter,29.2,81.6,1014.4,1.6,11.8,57.8
Tamil Nadu,2011,3,Pre-Monsoon,36.2,66.8,1013.0,1.9,18.6,66.5
Tamil Nadu,2011,4,Pre-Monsoon,35.8,50.6,1024.1,3.1,56.0,38.7
Tamil Nadu,2011,5,Pre-Monsoon,31.3,61.8,1016.5,4.3,45.6,62.1
Tamil Nadu,2011,6,Monsoon,28.9,92.8,1006.2,6.1,70.7,141.6
Tamil Nadu,2011,7,Monsoon,32.4,81.9,1009.4,4.2,81.4,112.1
Tamil Nadu,2011,8,Monsoon,29.8,81.7,1013.6,2.4,81.9,89.5
Tamil Nadu,2011,9,Monsoon,28.7,69.5,1000.4,3.1,64.4,132.1
Tamil Nadu,2011,10,Post-Monsoon,29.9,64.4,1015.8,2.6,33.8,35.5
Tamil Nadu,2011,11,Post-Monsoon,33.9,77.5,1001.2,1.5,30.8,51.3
Tamil Nadu,2011,12,Winter,28.0,57.2,1028.2,3.7,38.2,74.1
Tamil Nadu,2012,1,Winter,29.2,58.5,1007.3,2.6,47.9,73.3
Tamil Nadu,2012,2,Winter,23.8,56.6,1012.5,2.4,64.6,52.9
Tamil Nadu,2012,3,Pre-Monsoon,35.0,74.9,1028.9,2.1,42.4,78.7
Tamil Nadu,2012,4,Pre-Monsoon,34.4,62.2,1016.1,-0.0,45.2,69.6
Tamil Nadu,2012,5,Pre-Monsoon,33.6,79.4,1008.3,2.1,64.9,79.6
Tamil Nadu,2012,6,Monsoon,29.9,81.8,1018.9,4.7,55.6,75.4
Tamil Nadu,2012,7,Monsoon,29.8,82.4,1016.0,4.9,48.4,103.0
Tamil Nadu,2012,8,Monsoon,31.5,94.1,1016.1,5.6,82.0,142.5
Tamil Nadu,2012,9,Monsoon,32.0,82.2,1028.9,5.4,83.6,79.1
Tamil Nadu,2012,10,Post-Monsoon,28.4,65.3,1014.0,1.9,37.1,95.1
Tamil Nadu,2012,11,Post-Monsoon,32.4,53.9,1012.2,1.7,29.2,42.5
Tamil Nadu,2012,12,Winter,26.0,53.0,1012.1,1.9,0.0,68.0
Tamil Nadu,2013,1,Winter,29.2,60.0,1013.1,1.3,60.4,117.0
Tamil Nadu,2013,2,Winter,27.3,71.2,1014.2,1.2,28.8,62.7
Tamil Nadu,2013,3,Pre-Monsoon,33.1,61.3,1012.4,2.4,35.8,39.2
Tamil Nadu,2013,4,Pre-Monsoon,32.6,52.7,1019.8,0.4,52.3,93.3
Tamil Nadu,2013,5,Pre-Monsoon,33.4,42.2,1010.5,2.4,19.8,26.7
Tamil Nadu,2013,6,Monsoon,34.1,88.3,1006.5,2.9,70.1,102.2
Tamil Nadu,2013,7,Monsoon,32.0,78.7,1016.6,6.4,87.2,109.4
Tamil Nadu,2013,8,Monsoon,30.6,80.1,1021.3,3.9,75.7,101.1
Tamil Nadu,2013,9,Monsoon,30.0,72.0,1015.3,4.4,82.5,92.4
Tamil Nadu,2013,10,Post-Monsoon,33.4,56.0,1025.0,0.8,41.5,66.3
Tamil Nadu,2013,11,Post-Monsoon,29.4,66.4,1022.0,0.3,42.5,15.2
Tamil Nadu,2013,12,Winter,25.1,76.0,1008.9,1.3,32.0,109.0
Tamil Nadu,2014,1,Winter,23.3,54.6,1023.5,4.4,33.4,17.7
Tamil Nadu,2014,2,Winter,31.2,75.8,1017.8,1.7,34.3,43.8
Tamil Nadu,2014,3,Pre-Monsoon,34.7,74.6,1019.2,1.4,55.6,61.5
Tamil Nadu,2014,4,Pre-Monsoon,35.4,74.7,1005.2,2.5,27.0,23.1
Tamil Nadu,2014,5,Pre-Monsoon,34.7,83.1,1000.1,2.5,44.6,61.6
Tamil Nadu,2014,6,Monsoon,30.8,72.6,1014.6,3.7,42.2,66.7
Tamil Nadu,2014,7,Monsoon,32.9,83.4,1014.6,5.6,78.4,87.5
Tamil Nadu,2014,8,Monsoon,30.4,93.5,1015.2,4.7,55.9,70.3
Tamil Nadu,2014,9,Monsoon,29.3,77.9,1007.3,3.4,100.0,105.3
Tamil Nadu,2014,10,Post-Monsoon,34.8,53.2,1013.5,1.2,24.6,19.5
Tamil Nadu,2014,11,Post-Monsoon,33.5,59.8,1020.5,3.1,69.6,37.6
Tamil Nadu,2014,12,Winter,29.5,72.2,1006.2,3.5,40.0,47.8
Tamil Nadu,2015,1,Winter,25.4,57.2,1027.3,2.5,46.7,31.5
Tamil Nadu,2015,2,Winter,25.4,71.7,1003.6,2.1,35.5,50.5
Tamil Nadu,2015,3,Pre-Monsoon,33.6,66.2,1017.8,3.2,20.2,30.1
Tamil Nadu,2015,4,Pre-Monsoon,36.4,70.2,1003.4,2.9,5.3,32.2
Tamil Nadu,2015,5,Pre-Monsoon,37.8,55.4,1007.2,3.3,11.9,19.1
Tamil Nadu,2015,6,Monsoon,32.2,77.9,1011.3,5.2,81.3,78.8
Tamil Nadu,2015,7,Monsoon,30.3,86.0,1012.1,5.0,67.5,68.0
Tamil Nadu,2015,8,Monsoon,29.0,82.7,1007.3,3.4,78.9,79.8
Tamil Nadu,2015,9,Monsoon,32.6,79.6,1015.9,5.1,81.7,63.1
Tamil Nadu,2015,10,Post-Monsoon,31.3,65.9,1013.1,0.4,37.4,76.0
Tamil Nadu,2015,11,Post-Monsoon,30.3,57.2,1015.6,2.8,52.9,31.7
Tamil Nadu,2015,12,Winter,28.5,67.7,1012.0,2.8,50.4,65.5
Tamil Nadu,2016,1,Winter,24.7,69.6,1012.5,2.6,36.1,62.6
Tamil Nadu,2016,2,Winter,29.4,62.3,1005.2,2.1,37.7,90.1
Tamil Nadu,2016,3,Pre-Monsoon,35.2,56.2,1030.4,2.8,54.1,61.8
Tamil Nadu,2016,4,Pre-Monsoon,35.1,69.7,1021.5,3.6,48.1,65.4
Tamil Nadu,2016,5,Pre-Monsoon,32.9,65.7,1019.5,2.3,51.0,101.4
Tamil Nadu,2016,6,Monsoon,29.2,76.3,1012.0,4.8,67.1,121.7
Tamil Nadu,2016,7,Monsoon,31.8,83.3,1002.9,3.2,79.2,69.5
Tamil Nadu,2016,8,Monsoon,33.0,81.7,1035.7,6.8,72.3,90.5
Tamil Nadu,2016,9,Monsoon,33.0,96.6,1001.5,2.7,65.7,121.6
Tamil Nadu,2016,10,Post-Monsoon,32.0,71.6,1004.6,0.2,47.9,62.8
Tamil Nadu,2016,11,Post-Monsoon,27.0,64.2,1018.6,2.4,28.1,50.4
Tamil Nadu,2016,12,Winter,26.3,52.2,1008.0,3.0,39.8,63.4
Tamil Nadu,2017,1,Winter,25.0,61.5,997.8,2.7,56.4,53.5
Tamil Nadu,2017,2,Winter,25.8,65.6,1021.8,2.1,24.6,11.0
Tamil Nadu,2017,3,Pre-Monsoon,34.2,79.3,1014.9,2.5,39.8,73.3
Tamil Nadu,2017,4,Pre-Monsoon,32.4,69.6,1014.6,2.5,20.4,78.3
Tamil Nadu,2017,5,Pre-Monsoon,35.3,58.6,1020.0,2.0,23.3,30.6
Tamil Nadu,2017,6,Monsoon,27.5,86.8,1000.2,3.3,43.9,85.4
Tamil Nadu,2017,7,Monsoon,30.7,80.4,1005.7,3.3,82.0,100.5
Tamil Nadu,2017,8,Monsoon,31.6,75.9,1014.3,5.8,83.8,98.6
Tamil Nadu,2017,9,Monsoon,31.5,81.1,1013.1,4.2,72.5,105.7
Tamil Nadu,2017,10,Post-Monsoon,29.0,54.9,1003.3,0.9,16.7,48.2
Tamil Nadu,2017,11,Post-Monsoon,29.2,67.1,1013.2,0.5,44.8,87.0
Tamil Nadu,2017,12,Winter,25.0,66.4,1007.0,2.6,16.0,14.0
Tamil Nadu,2018,1,Winter,26.2,62.0,1010.2,1.3,29.0,61.7
Tamil Nadu,2018,2,Winter,26.9,64.5,1008.3,3.7,17.4,59.0
Tamil Nadu,2018,3,Pre-Monsoon,36.4,66.8,1011.6,2.0,50.5,47.4
Tamil Nadu,2018,4,Pre-Monsoon,32.1,59.8,1021.7,2.9,20.5,37.4
Tamil Nadu,2018,5,Pre-Monsoon,32.8,57.3,1019.9,1.1,59.1,90.3
Tamil Nadu,2018,6,Monsoon,33.2,79.3,1012.0,3.1,67.1,106.4
Tamil Nadu,2018,7,Monsoon,33.6,74.1,1010.4,4.3,54.1,95.4
Tamil Nadu,2018,8,Monsoon,29.6,81.4,1009.8,3.7,74.9,100.5
Tamil Nadu,2018,9,Monsoon,30.3,77.2,1015.2,6.2,77.1,121.8
Tamil Nadu,2018,10,Post-Monsoon,28.2,64.3,1005.3,1.0,23.9,79.4
Tamil Nadu,2018,11,Post-Monsoon,32.9,64.9,1002.3,2.3,39.5,73.2
Tamil Nadu,2018,12,Winter,23.3,55.9,1012.6,3.0,2.1,26.9
Tamil Nadu,2019,1,Winter,27.3,69.8,1017.9,3.1,23.0,19.5
Tamil Nadu,2019,2,Winter,26.2,71.0,1022.8,3.2,41.4,96.5
Tamil Nadu,2019,3,Pre-Monsoon,32.9,62.0,1024.7,1.6,59.2,88.7
Tamil Nadu,2019,4,Pre-Monsoon,36.7,51.7,1017.1,1.8,13.8,51.5
Tamil Nadu,2019,5,Pre-Monsoon,36.0,56.2,1002.5,2.4,33.7,91.9
Tamil Nadu,2019,6,Monsoon,32.9,82.5,1026.0,4.7,69.8,81.6
Tamil Nadu,2019,7,Monsoon,30.5,80.3,1019.7,5.0,57.3,116.5
Tamil Nadu,2019,8,Monsoon,32.3,95.2,1019.2,5.3,75.9,153.3
Tamil Nadu,2019,9,Monsoon,33.5,72.3,1010.6,3.7,80.7,166.8
Tamil Nadu,2019,10,Post-Monsoon,29.8,43.9,1010.1,3.4,43.1,84.9
Tamil Nadu,2019,11,Post-Monsoon,30.4,52.8,1016.6,1.7,67.8,117.8
Tamil Nadu,2019,12,Winter,25.8,58.1,1012.3,2.3,51.8,97.6
Tamil Nadu,2020,1,Winter,25.5,78.1,1013.3,3.3,25.9,90.3
Tamil Nadu,2020,2,Winter,27.6,47.9,1027.1,3.8,29.0,24.8
Tamil Nadu,2020,3,Pre-Monsoon,34.7,63.7,1015.5,2.7,42.6,123.6
Tamil Nadu,2020,4,Pre-Monsoon,35.1,54.6,1022.5,4.1,82.3,87.2
Tamil Nadu,2020,5,Pre-Monsoon,34.5,46.3,1016.9,2.0,63.9,73.6
Tamil Nadu,2020,6,Monsoon,27.6,79.2,999.2,5.3,44.0,108.8
Tamil Nadu,2020,7,Monsoon,26.8,80.4,1024.5,4.9,62.0,113.7
Tamil Nadu,2020,8,Monsoon,31.0,86.8,1003.4,5.1,34.4,85.3
Tamil Nadu,2020,9,Monsoon,30.0,88.1,1013.2,3.1,60.2,129.6
Tamil Nadu,2020,10,Post-Monsoon,30.8,58.4,1009.6,3.2,27.2,66.6
Tamil Nadu,2020,11,Post-Monsoon,35.3,51.6,1000.0,3.3,24.8,57.8
Tamil Nadu,2020,12,Winter,25.4,60.9,1024.2,3.3,47.9,48.0
Tamil Nadu,2021,1,Winter,24.7,40.3,1007.3,3.5,42.8,51.0
Tamil Nadu,2021,2,Winter,27.0,57.5,1014.4,3.3,10.8,43.3
Tamil Nadu,2021,3,Pre-Monsoon,35.9,59.7,1017.9,5.3,33.4,63.3
Tamil Nadu,2021,4,Pre-Monsoon,32.5,64.5,1016.2,2.7,19.7,52.1
Tamil Nadu,2021,5,Pre-Monsoon,36.9,66.6,1019.7,2.3,46.2,74.6
Tamil Nadu,2021,6,Monsoon,29.1,85.5,1006.1,3.9,77.8,117.1
Tamil Nadu,2021,7,Monsoon,28.6,91.4,1017.0,3.8,51.9,86.7
Tamil Nadu,2021,8,Monsoon,30.1,83.9,1010.5,2.5,69.2,95.4
Tamil Nadu,2021,9,Monsoon,32.3,77.4,1024.8,2.6,94.7,107.8
Tamil Nadu,2021,10,Post-Monsoon,32.7,63.6,1021.0,2.1,18.5,73.0
Tamil Nadu,2021,11,Post-Monsoon,30.8,64.8,1021.6,1.5,43.9,53.6
Tamil Nadu,2021,12,Winter,26.7,63.6,1002.5,1.7,55.3,99.1
Tamil Nadu,2022,1,Winter,26.9,64.9,1010.9,3.9,32.0,64.8
Tamil Nadu,2022,2,Winter,29.3,56.8,1023.9,1.0,59.4,64.6
Tamil Nadu,2022,3,Pre-Monsoon,33.5,47.9,1009.8,1.5,25.9,42.8
Tamil Nadu,2022,4,Pre-Monsoon,35.9,64.7,1015.2,1.4,21.8,86.1
Tamil Nadu,2022,5,Pre-Monsoon,32.5,76.2,1011.3,2.5,51.1,107.5
Tamil Nadu,2022,6,Monsoon,30.8,79.9,1012.6,4.8,88.4,113.7
Tamil Nadu,2022,7,Monsoon,32.2,96.1,1015.7,4.8,52.2,40.6
Tamil Nadu,2022,8,Monsoon,31.8,82.2,1009.4,4.7,74.1,127.4
Tamil Nadu,2022,9,Monsoon,31.2,77.0,1019.9,4.3,82.9,95.0
Tamil Nadu,2022,10,Post-Monsoon,29.7,63.7,1013.1,3.0,31.0,21.0
Tamil Nadu,2022,11,Post-Monsoon,30.1,69.4,1010.9,2.3,49.8,62.8
Tamil Nadu,2022,12,Winter,23.9,61.7,1009.6,1.5,32.4,68.9
Tamil Nadu,2023,1,Winter,27.0,65.5,1025.7,2.2,39.2,50.2
Tamil Nadu,2023,2,Winter,25.3,58.3,1009.6,2.9,70.2,73.0
Tamil Nadu,2023,3,Pre-Monsoon,33.2,62.5,1015.8,2.8,54.3,26.1
Tamil Nadu,2023,4,Pre-Monsoon,29.2,59.0,1020.7,0.9,0.0,38.6
Tamil Nadu,2023,5,Pre-Monsoon,34.5,54.3,1006.1,1.5,36.7,46.9
Tamil Nadu,2023,6,Monsoon,32.0,60.2,1007.0,3.4,71.2,79.5
Tamil Nadu,2023,7,Monsoon,32.6,68.1,1013.3,5.1,100.0,105.9
Tamil Nadu,2023,8,Monsoon,31.6,68.6,996.3,5.3,74.9,126.1
Tamil Nadu,2023,9,Monsoon,28.3,87.2,1026.1,4.9,79.1,105.4
Tamil Nadu,2023,10,Post-Monsoon,27.9,73.8,1008.7,3.0,11.6,26.5
Tamil Nadu,2023,11,Post-Monsoon,33.9,60.2,1023.2,2.4,7.4,50.6
Tamil Nadu,2023,12,Winter,25.8,68.6,1013.2,1.0,37.5,109.8
Tamil Nadu,2024,1,Winter,28.0,62.5,1020.5,2.7,38.1,38.0
Tamil Nadu,2024,2,Winter,27.5,71.3,1007.1,3.9,33.6,49.1
Tamil Nadu,2024,3,Pre-Monsoon,36.0,60.7,1018.3,2.2,34.1,66.3
Tamil Nadu,2024,4,Pre-Monsoon,34.6,47.0,1005.2,3.4,33.0,42.1
Tamil Nadu,2024,5,Pre-Monsoon,31.3,54.4,998.8,2.4,26.0,34.6
Tamil Nadu,2024,6,Monsoon,30.9,85.9,1027.7,3.0,92.4,133.9
Tamil Nadu,2024,7,Monsoon,29.4,84.6,1009.8,4.7,97.6,137.1
Tamil Nadu,2024,8,Monsoon,32.0,79.6,1002.6,4.3,93.1,90.6
Tamil Nadu,2024,9,Monsoon,28.9,84.0,1006.1,3.7,68.6,75.6
Tamil Nadu,2024,10,Post-Monsoon,29.1,68.6,1003.8,0.9,25.5,74.7
Tamil Nadu,2024,11,Post-Monsoon,30.6,59.3,1013.3,0.8,42.4,71.9
Tamil Nadu,2024,12,Winter,26.2,71.0,1005.1,3.6,37.3,63.7
Punjab,2010,1,Winter,23.0,49.1,1021.5,1.4,23.6,60.4
Punjab,2010,2,Winter,21.8,57.2,1024.9,2.1,45.2,37.5
Punjab,2010,3,Pre-Monsoon,31.5,51.6,1016.3,1.9,10.1,42.6
Punjab,2010,4,Pre-Monsoon,25.9,47.5,1019.6,2.7,64.2,92.5
Punjab,2010,5,Pre-Monsoon,28.7,50.2,1012.7,0.9,20.9,30.6
Punjab,2010,6,Monsoon,22.9,70.4,1011.3,2.8,81.1,116.9
Punjab,2010,7,Monsoon,27.5,67.4,1017.1,5.2,79.6,80.8
Punjab,2010,8,Monsoon,27.6,79.6,1008.8,6.6,67.1,98.5
Punjab,2010,9,Monsoon,25.7,71.8,1000.8,4.0,58.6,92.4
Punjab,2010,10,Post-Monsoon,29.0,55.2,996.4,4.5,39.4,50.6
Punjab,2010,11,Post-Monsoon,27.3,51.4,1008.3,2.7,25.9,40.1
Punjab,2010,12,Winter,21.6,38.5,1014.0,3.1,42.7,68.1
Punjab,2011,1,Winter,23.6,45.7,1018.9,1.1,21.5,17.8
Punjab,2011,2,Winter,25.2,57.5,1016.4,3.6,21.8,52.4
Punjab,2011,3,Pre-Monsoon,29.7,56.8,1012.2,2.1,43.1,81.2
Punjab,2011,4,Pre-Monsoon,28.7,49.5,1005.6,0.0,38.0,70.1
Punjab,2011,5,Pre-Monsoon,30.5,34.4,1010.5,0.3,55.5,39.1
Punjab,2011,6,Monsoon,29.5,77.6,1006.7,3.4,80.3,91.2
Punjab,2011,7,Monsoon,27.2,66.1,1000.5,2.3,78.4,91.0
Punjab,2011,8,Monsoon,25.9,75.6,1021.2,4.2,69.9,102.8
Punjab,2011,9,Monsoon,24.3,71.8,1016.9,5.2,45.9,57.9
Punjab,2011,10,Post-Monsoon,25.2,50.8,1016.4,4.0,27.6,36.0
Punjab,2011,11,Post-Monsoon,29.3,52.4,1021.9,2.8,17.6,10.1
Punjab,2011,12,Winter,19.9,55.3,1021.3,4.3,47.6,86.0
Punjab,2012,1,Winter,21.8,40.7,1019.0,2.9,36.6,53.9
Punjab,2012,2,Winter,23.6,60.3,1022.1,3.0,47.7,75.8
Punjab,2012,3,Pre-Monsoon,29.1,56.1,1003.2,3.6,17.1,51.7
Punjab,2012,4,Pre-Monsoon,28.3,54.4,1012.8,0.9,41.3,49.0
Punjab,2012,5,Pre-Monsoon,31.8,50.0,1015.8,1.5,26.2,35.5
Punjab,2012,6,Monsoon,28.7,83.4,1007.4,5.6,42.5,57.2
Punjab,2012,7,Monsoon,25.1,59.2,1001.9,4.9,71.8,99.8
Punjab,2012,8,Monsoon,28.4,72.1,1017.6,4.4,57.2,103.1
Punjab,2012,9,Monsoon,25.8,62.5,1011.8,3.6,68.7,94.7
Punjab,2012,10,Post-Monsoon,27.7,42.8,1009.6,3.6,42.4,97.3
Punjab,2012,11,Post-Monsoon,29.4,59.2,1003.3,3.3,34.2,50.5
Punjab,2012,12,Winter,23.3,57.6,1016.5,1.6,46.1,52.1
Punjab,2013,1,Winter,23.4,47.6,1011.5,3.3,19.4,78.4
Punjab,2013,2,Winter,19.4,45.2,1015.6,3.1,33.5,46.5
Punjab,2013,3,Pre-Monsoon,30.8,48.2,1022.8,3.3,48.1,38.9
Punjab,2013,4,Pre-Monsoon,29.8,47.6,1006.0,2.9,26.9,60.8
Punjab,2013,5,Pre-Monsoon,27.9,63.8,1006.7,2.7,46.9,61.7
Punjab,2013,6,Monsoon,28.7,60.2,1023.2,4.5,66.1,73.7
Punjab,2013,7,Monsoon,28.6,65.3,1007.8,4.3,57.3,118.4
Punjab,2013,8,Monsoon,25.9,76.7,1014.5,3.5,74.9,115.8
Punjab,2013,9,Monsoon,26.6,79.5,1020.2,5.4,68.1,72.6
Punjab,2013,10,Post-Monsoon,25.8,51.6,1016.8,0.3,34.9,55.3
Punjab,2013,11,Post-Monsoon,26.4,60.3,1016.0,3.8,31.8,74.0
Punjab,2013,12,Winter,26.3,60.5,1005.4,2.2,29.8,67.8
Punjab,2014,1,Winter,24.4,43.3,1013.5,0.5,56.6,38.9
Punjab,2014,2,Winter,23.1,47.5,1021.0,-0.3,34.8,32.1
Punjab,2014,3,Pre-Monsoon,29.1,63.8,1006.8,3.3,40.3,65.2
Punjab,2014,4,Pre-Monsoon,28.7,44.1,1020.7,2.9,11.8,11.8
Punjab,2014,5,Pre-Monsoon,30.8,56.7,1008.2,-0.4,42.8,28.4
Punjab,2014,6,Monsoon,23.0,47.3,1018.7,4.6,71.6,74.2
Punjab,2014,7,Monsoon,28.3,82.9,1003.3,4.5,50.7,59.1
Punjab,2014,8,Monsoon,26.5,75.0,1013.3,5.1,85.6,105.9
Punjab,2014,9,Monsoon,26.4,62.5,1014.7,3.7,97.2,72.6
Punjab,2014,10,Post-Monsoon,25.9,46.2,1018.0,2.3,25.4,51.9
Punjab,2014,11,Post-Monsoon,25.3,50.3,1017.6,0.9,42.2,25.1
Punjab,2014,12,Winter,24.6,42.3,1017.8,3.6,47.9,43.1
Punjab,2015,1,Winter,22.5,45.4,1023.3,1.8,19.4,32.7
Punjab,2015,2,Winter,21.4,42.4,1002.9,2.0,33.8,39.3
Punjab,2015,3,Pre-Monsoon,31.9,54.2,1011.7,2.3,42.7,61.2
Punjab,2015,4,Pre-Monsoon,30.3,46.2,1006.0,1.1,45.0,51.0
Punjab,2015,5,Pre-Monsoon,31.2,49.0,1022.8,2.0,49.3,41.3
Punjab,2015,6,Monsoon,25.8,74.7,1015.9,4.9,76.2,69.1
Punjab,2015,7,Monsoon,31.8,79.5,1018.1,4.6,90.1,86.0
Punjab,2015,8,Monsoon,27.1,67.6,1012.4,1.3,78.2,61.8
Punjab,2015,9,Monsoon,30.2,70.2,1004.7,4.5,59.3,68.0
Punjab,2015,10,Post-Monsoon,27.6,57.7,1007.5,2.5,14.5,40.1
Punjab,2015,11,Post-Monsoon,28.0,54.0,1013.0,2.9,59.1,48.1
Punjab,2015,12,Winter,23.3,41.3,1006.9,2.6,51.6,40.7
Punjab,2016,1,Winter,22.5,46.7,1009.3,2.8,12.5,60.0
Punjab,2016,2,Winter,21.7,55.8,1004.1,3.2,45.1,75.6
Punjab,2016,3,Pre-Monsoon,28.0,52.0,1004.7,2.2,50.4,85.6
Punjab,2016,4,Pre-Monsoon,30.0,42.2,1017.5,2.5,0.2,34.1
Punjab,2016,5,Pre-Monsoon,30.0,59.6,1005.3,-0.7,39.2,70.8
Punjab,2016,6,Monsoon,23.6,62.2,1032.3,4.2,86.0,80.1
Punjab,2016,7,Monsoon,22.8,68.6,1011.1,4.1,73.3,100.6
Punjab,2016,8,Monsoon,26.7,59.9,1016.4,2.6,44.2,79.6
Punjab,2016,9,Monsoon,28.0,69.5,1003.2,3.8,71.1,65.4
Punjab,2016,10,Post-Monsoon,25.5,55.2,1023.0,2.1,46.3,22.7
Punjab,2016,11,Post-Monsoon,28.3,43.6,1015.2,2.3,54.8,46.4
Punjab,2016,12,Winter,24.3,47.8,1011.9,2.3,22.3,41.5
Punjab,2017,1,Winter,22.9,51.9,1013.6,3.3,48.9,43.8
Punjab,2017,2,Winter,24.7,40.5,1017.1,3.1,6.3,24.4
Punjab,2017,3,Pre-Monsoon,29.1,43.9,1022.5,1.8,22.9,37.2
Punjab,2017,4,Pre-Monsoon,31.4,48.9,1021.2,3.0,2.3,12.1
Punjab,2017,5,Pre-Monsoon,28.9,53.8,994.6,5.0,43.0,71.8
Punjab,2017,6,Monsoon,29.4,88.7,1019.1,5.4,77.0,104.3
Punjab,2017,7,Monsoon,26.0,63.4,1008.2,3.1,73.9,60.2
Punjab,2017,8,Monsoon,27.4,69.7,1014.0,4.0,100.0,143.4
Punjab,2017,9,Monsoon,24.5,71.9,1008.7,3.5,54.9,92.2
Punjab,2017,10,Post-Monsoon,25.6,57.7,1020.0,3.9,22.2,53.9
Punjab,2017,11,Post-Monsoon,28.3,46.2,1007.6,4.1,38.4,68.1
Punjab,2017,12,Winter,21.4,40.2,1009.0,2.4,19.0,35.6
Punjab,2018,1,Winter,19.6,41.0,1017.7,3.1,29.1,20.5
Punjab,2018,2,Winter,20.9,47.0,1017.5,3.4,27.6,20.2
Punjab,2018,3,Pre-Monsoon,30.5,43.4,1009.4,3.8,47.4,63.4
Punjab,2018,4,Pre-Monsoon,27.5,51.7,1020.4,2.1,55.3,92.9
Punjab,2018,5,Pre-Monsoon,33.3,52.4,1017.1,3.9,41.7,48.0
Punjab,2018,6,Monsoon,26.1,71.9,1004.0,4.4,91.4,70.9
Punjab,2018,7,Monsoon,30.1,79.0,1009.8,5.0,75.0,128.1
Punjab,2018,8,Monsoon,29.0,58.8,1017.1,4.3,76.2,74.9
Punjab,2018,9,Monsoon,30.5,78.3,1007.8,3.2,69.2,107.9
Punjab,2018,10,Post-Monsoon,27.5,60.0,1018.5,3.5,39.9,32.7
Punjab,2018,11,Post-Monsoon,26.6,58.5,1012.6,3.0,30.2,33.6
Punjab,2018,12,Winter,22.8,52.5,1008.4,2.3,20.9,67.2
Punjab,2019,1,Winter,22.4,61.6,1023.7,2.4,19.9,2.2
Punjab,2019,2,Winter,20.1,39.0,1022.6,2.6,40.8,3.4
Punjab,2019,3,Pre-Monsoon,27.6,57.1,1015.0,2.4,43.5,124.5
Punjab,2019,4,Pre-Monsoon,29.6,50.6,1014.3,4.9,3.5,53.4
Punjab,2019,5,Pre-Monsoon,29.8,54.5,1008.4,2.5,45.7,166.6
Punjab,2019,6,Monsoon,28.6,63.2,1010.0,4.0,48.1,85.5
Punjab,2019,7,Monsoon,28.5,59.8,1020.3,5.0,64.0,98.9
Punjab,2019,8,Monsoon,30.2,75.9,1013.1,4.3,76.1,118.3
Punjab,2019,9,Monsoon,22.8,86.3,1014.1,4.9,74.1,118.0
Punjab,2019,10,Post-Monsoon,26.6,37.2,1028.9,1.3,19.5,22.8
Punjab,2019,11,Post-Monsoon,29.6,50.1,1004.3,3.8,46.0,98.6
Punjab,2019,12,Winter,24.4,69.2,1028.3,1.8,59.4,110.9
Punjab,2020,1,Winter,24.0,36.5,1011.8,1.7,47.4,99.5
Punjab,2020,2,Winter,18.9,49.8,1020.9,2.3,45.9,84.9
Punjab,2020,3,Pre-Monsoon,30.7,47.8,1004.5,1.4,45.6,82.9
Punjab,2020,4,Pre-Monsoon,29.7,46.6,1010.9,3.5,30.0,27.0
Punjab,2020,5,Pre-Monsoon,31.5,48.4,1013.2,4.1,34.7,74.4
Punjab,2020,6,Monsoon,24.6,68.2,1017.3,2.9,78.0,128.0
Punjab,2020,7,Monsoon,27.1,78.3,1015.3,6.0,60.1,119.1
Punjab,2020,8,Monsoon,27.2,61.4,1019.7,6.8,74.7,128.6
Punjab,2020,9,Monsoon,27.2,64.3,1000.3,3.8,54.1,150.6
Punjab,2020,10,Post-Monsoon,26.8,47.2,1019.2,1.4,23.5,53.1
Punjab,2020,11,Post-Monsoon,29.1,54.0,1014.7,2.6,41.0,82.4
Punjab,2020,12,Winter,20.9,50.4,1005.5,2.6,27.8,131.4
Punjab,2021,1,Winter,22.9,38.8,1012.1,3.0,60.1,54.7
Punjab,2021,2,Winter,19.8,56.5,1003.3,2.1,31.1,56.1
Punjab,2021,3,Pre-Monsoon,31.4,44.5,1011.1,2.5,37.2,54.0
Punjab,2021,4,Pre-Monsoon,30.9,56.8,1015.7,3.0,11.3,37.8
Punjab,2021,5,Pre-Monsoon,31.0,55.8,1008.2,1.8,26.4,62.1
Punjab,2021,6,Monsoon,29.1,66.7,1019.4,4.6,73.1,86.6
Punjab,2021,7,Monsoon,28.5,72.6,1028.9,3.6,82.8,87.6
Punjab,2021,8,Monsoon,25.3,69.9,1014.0,7.4,72.2,71.5
Punjab,2021,9,Monsoon,27.5,53.4,1012.4,4.5,86.9,116.1
Punjab,2021,10,Post-Monsoon,26.0,48.8,1007.6,1.4,39.6,32.5
Punjab,2021,11,Post-Monsoon,26.2,42.0,1016.8,4.3,15.5,0.0
Punjab,2021,12,Winter,22.8,50.1,1014.5,2.1,32.0,57.2
Punjab,2022,1,Winter,25.1,34.4,1010.4,2.7,21.2,68.1
Punjab,2022,2,Winter,21.7,49.7,1016.9,1.9,7.3,20.3
Punjab,2022,3,Pre-Monsoon,32.1,47.3,1007.1,3.4,30.0,39.4
Punjab,2022,4,Pre-Monsoon,30.3,56.2,1029.7,3.3,52.4,53.6
Punjab,2022,5,Pre-Monsoon,27.9,50.5,1013.8,1.4,32.4,58.7
Punjab,2022,6,Monsoon,27.7,74.0,1015.0,4.0,67.3,68.3
Punjab,2022,7,Monsoon,30.6,70.1,1011.4,3.6,100.0,96.0
Punjab,2022,8,Monsoon,26.1,73.3,1017.2,5.5,100.0,127.2
Punjab,2022,9,Monsoon,24.9,67.9,1015.2,6.6,54.0,102.0
Punjab,2022,10,Post-Monsoon,27.4,56.7,1012.3,1.7,46.3,79.2
Punjab,2022,11,Post-Monsoon,28.9,49.9,1008.8,0.9,47.3,72.7
Punjab,2022,12,Winter,21.1,45.7,1009.7,1.0,22.7,19.0
Punjab,2023,1,Winter,22.2,44.1,1001.6,4.5,53.8,53.3
Punjab,2023,2,Winter,23.5,53.3,1021.3,1.7,51.4,53.6
Punjab,2023,3,Pre-Monsoon,27.3,55.8,1022.0,5.1,17.0,52.2
Punjab,2023,4,Pre-Monsoon,29.2,56.3,1002.7,1.2,23.4,52.9
Punjab,2023,5,Pre-Monsoon,28.7,55.3,1020.2,3.1,59.3,80.8
Punjab,2023,6,Monsoon,24.6,80.9,1008.8,5.4,98.6,133.1
Punjab,2023,7,Monsoon,24.0,62.7,1022.3,4.3,76.2,104.8
Punjab,2023,8,Monsoon,28.4,72.2,1011.5,4.2,87.9,120.1
Punjab,2023,9,Monsoon,26.5,78.7,1012.1,3.6,63.6,73.7
Punjab,2023,10,Post-Monsoon,26.5,59.9,1007.4,2.7,25.1,47.9
Punjab,2023,11,Post-Monsoon,24.0,48.2,1011.6,3.0,38.3,31.0
Punjab,2023,12,Winter,25.2,51.7,1014.4,2.5,27.2,51.4
Punjab,2024,1,Winter,24.0,36.0,1009.2,2.2,38.8,72.9
Punjab,2024,2,Winter,21.5,46.0,1009.4,1.7,29.8,63.1
Punjab,2024,3,Pre-Monsoon,27.9,53.4,1001.1,1.9,30.1,89.2
Punjab,2024,4,Pre-Monsoon,29.5,32.4,999.0,2.5,44.2,62.7
Punjab,2024,5,Pre-Monsoon,30.3,59.3,1009.2,3.4,10.5,22.2
Punjab,2024,6,Monsoon,23.4,67.8,1012.7,4.6,75.9,77.8
Punjab,2024,7,Monsoon,26.6,58.0,1022.5,4.2,67.7,111.7
Punjab,2024,8,Monsoon,24.5,61.0,1005.3,4.4,81.5,114.4
Punjab,2024,9,Monsoon,32.1,52.0,1017.3,3.9,66.2,64.9
Punjab,2024,10,Post-Monsoon,25.2,63.5,1018.9,2.5,55.3,44.5
Punjab,2024,11,Post-Monsoon,24.3,32.6,1008.1,2.7,36.5,48.5
Punjab,2024,12,Winter,20.2,56.4,1014.7,3.2,6.6,39.5
Haryana,2010,1,Winter,20.6,41.8,1016.7,2.6,22.2,36.3
Haryana,2010,2,Winter,19.9,54.2,1011.6,3.6,27.1,39.1
Haryana,2010,3,Pre-Monsoon,28.5,52.0,1008.0,3.1,29.3,11.9
Haryana,2010,4,Pre-Monsoon,28.9,35.6,1013.2,1.3,48.9,53.3
Haryana,2010,5,Pre-Monsoon,29.6,50.2,1019.7,2.5,23.4,5.5
Haryana,2010,6,Monsoon,25.6,60.1,1013.7,4.2,85.3,86.5
Haryana,2010,7,Monsoon,26.9,74.5,1015.4,4.4,66.0,78.6
Haryana,2010,8,Monsoon,25.3,60.7,1018.3,4.3,54.8,108.3
Haryana,2010,9,Monsoon,27.6,53.7,1009.9,4.6,100.0,86.1
Haryana,2010,10,Post-Monsoon,29.0,56.2,1008.6,2.2,19.5,41.8
Haryana,2010,11,Post-Monsoon,26.9,50.3,1020.6,1.8,5.5,25.9
Haryana,2010,12,Winter,23.6,47.0,1010.7,2.6,57.7,77.7
Haryana,2011,1,Winter,22.3,41.0,1011.8,4.1,32.3,45.3
Haryana,2011,2,Winter,22.0,53.8,1026.7,3.0,36.2,51.3
Haryana,2011,3,Pre-Monsoon,25.2,51.0,1013.9,2.9,24.3,36.8
Haryana,2011,4,Pre-Monsoon,29.2,53.2,1010.3,4.6,41.5,35.4
Haryana,2011,5,Pre-Monsoon,29.7,39.8,997.6,4.1,45.5,71.9
Haryana,2011,6,Monsoon,27.3,53.9,1009.6,5.3,59.2,25.3
Haryana,2011,7,Monsoon,26.5,63.9,1013.9,5.2,84.6,105.6
Haryana,2011,8,Monsoon,29.4,52.8,1016.5,5.1,56.4,40.2
Haryana,2011,9,Monsoon,25.5,59.7,1018.3,3.9,62.2,66.0
Haryana,2011,10,Post-Monsoon,29.2,45.1,1011.7,2.4,54.4,50.9
Haryana,2011,11,Post-Monsoon,29.6,46.7,1011.9,5.0,19.2,31.5
Haryana,2011,12,Winter,20.5,52.6,1024.8,4.2,53.4,60.4
Haryana,2012,1,Winter,22.3,31.6,1027.3,3.0,27.6,56.7
Haryana,2012,2,Winter,21.1,48.3,1011.8,3.1,34.0,22.5
Haryana,2012,3,Pre-Monsoon,30.2,53.4,1012.8,3.3,19.3,41.8
Haryana,2012,4,Pre-Monsoon,28.8,51.0,1013.2,3.2,51.3,80.2
Haryana,2012,5,Pre-Monsoon,30.5,37.0,1013.0,2.0,29.8,33.4
Haryana,2012,6,Monsoon,25.0,49.3,1008.3,4.7,54.8,70.4
Haryana,2012,7,Monsoon,30.8,73.2,1024.5,4.9,92.5,93.6
Haryana,2012,8,Monsoon,25.7,43.1,1021.3,6.0,66.7,65.6
Haryana,2012,9,Monsoon,25.5,68.1,1020.9,2.8,81.1,91.9
Haryana,2012,10,Post-Monsoon,27.2,48.7,1011.7,2.4,31.8,69.4
Haryana,2012,11,Post-Monsoon,27.8,46.8,1004.1,2.1,48.5,66.0
Haryana,2012,12,Winter,24.3,59.1,1020.3,2.6,27.3,0.0
Haryana,2013,1,Winter,22.7,42.4,1015.7,2.3,30.2,7.7
Haryana,2013,2,Winter,21.1,48.8,1025.0,2.4,39.9,70.3
Haryana,2013,3,Pre-Monsoon,28.4,47.9,1007.8,3.4,37.3,61.4
Haryana,2013,4,Pre-Monsoon,28.4,50.7,1027.6,1.5,29.9,47.9
Haryana,2013,5,Pre-Monsoon,31.6,40.5,993.2,3.9,46.4,29.3
Haryana,2013,6,Monsoon,25.8,77.5,1023.1,5.4,72.4,96.8
Haryana,2013,7,Monsoon,26.7,74.0,1006.9,3.7,90.2,112.9
Haryana,2013,8,Monsoon,29.8,59.6,1012.6,3.6,75.1,61.2
Haryana,2013,9,Monsoon,26.0,53.5,1017.9,5.2,49.0,90.9
Haryana,2013,10,Post-Monsoon,32.0,45.4,1008.5,5.3,15.2,36.4
Haryana,2013,11,Post-Monsoon,27.4,55.8,1015.5,2.0,20.7,37.0
Haryana,2013,12,Winter,21.0,45.4,1009.1,1.0,53.8,56.7
Haryana,2014,1,Winter,20.5,43.7,1013.5,0.8,40.0,22.3
Haryana,2014,2,Winter,26.4,49.2,1010.2,1.8,33.4,45.1
Haryana,2014,3,Pre-Monsoon,29.9,43.3,1013.4,1.9,29.9,1.9
Haryana,2014,4,Pre-Monsoon,31.9,47.4,1007.6,4.4,36.3,23.6
Haryana,2014,5,Pre-Monsoon,31.7,48.2,1015.8,2.1,41.8,35.5
Haryana,2014,6,Monsoon,28.1,49.8,1010.0,6.2,63.5,45.2
Haryana,2014,7,Monsoon,26.1,55.3,997.5,4.3,77.0,66.3
Haryana,2014,8,Monsoon,26.7,65.3,1020.2,4.3,66.4,55.0
Haryana,2014,9,Monsoon,28.2,76.3,1008.6,4.6,80.1,60.6
Haryana,2014,10,Post-Monsoon,27.0,33.3,1000.6,2.9,29.2,33.0
Haryana,2014,11,Post-Monsoon,27.0,37.2,1012.7,1.3,55.9,24.4
Haryana,2014,12,Winter,22.6,36.7,1017.0,2.2,27.2,37.8
Haryana,2015,1,Winter,23.1,49.1,1006.1,1.1,36.6,35.0
Haryana,2015,2,Winter,24.3,44.4,1014.4,0.9,63.3,47.8
Haryana,2015,3,Pre-Monsoon,31.4,38.3,1015.2,1.2,41.8,30.3
Haryana,2015,4,Pre-Monsoon,30.1,50.6,1004.4,1.8,41.9,72.8
Haryana,2015,5,Pre-Monsoon,29.7,49.7,1012.3,4.4,8.8,23.7
Haryana,2015,6,Monsoon,23.7,44.9,1015.1,4.6,70.7,52.8
Haryana,2015,7,Monsoon,33.2,62.9,1016.6,3.9,79.4,62.9
Haryana,2015,8,Monsoon,26.2,79.6,1021.2,4.6,40.4,45.1
Haryana,2015,9,Monsoon,32.4,63.2,1020.7,5.9,78.3,52.8
Haryana,2015,10,Post-Monsoon,22.1,50.5,1007.3,2.7,16.3,24.5
Haryana,2015,11,Post-Monsoon,27.1,47.1,1005.2,3.7,26.0,9.5
Haryana,2015,12,Winter,22.8,45.3,1014.1,3.9,31.5,31.0
Haryana,2016,1,Winter,20.8,51.6,1014.3,2.1,6.4,59.3
Haryana,2016,2,Winter,20.5,40.3,1015.5,1.3,12.6,0.0
Haryana,2016,3,Pre-Monsoon,31.4,40.6,1033.5,1.5,21.2,16.6
Haryana,2016,4,Pre-Monsoon,30.5,41.2,1017.3,1.5,14.3,0.0
Haryana,2016,5,Pre-Monsoon,25.6,40.9,1010.9,1.9,53.7,87.6
Haryana,2016,6,Monsoon,26.3,50.6,1009.0,3.9,65.1,64.9
Haryana,2016,7,Monsoon,25.7,61.9,1008.6,4.7,80.4,79.8
Haryana,2016,8,Monsoon,29.5,57.2,1001.7,4.9,62.7,90.2
Haryana,2016,9,Monsoon,22.2,76.1,1017.7,3.0,52.8,114.3
Haryana,2016,10,Post-Monsoon,25.5,38.3,997.1,2.1,31.6,63.7
Haryana,2016,11,Post-Monsoon,24.2,32.8,1016.2,3.5,11.4,44.0
Haryana,2016,12,Winter,23.1,53.7,1012.5,-0.0,32.7,74.6
Haryana,2017,1,Winter,21.2,41.9,1011.8,-0.4,60.1,50.5
Haryana,2017,2,Winter,24.0,44.3,1021.8,2.9,31.5,25.2
Haryana,2017,3,Pre-Monsoon,31.6,30.0,1017.5,1.4,53.8,57.3
Haryana,2017,4,Pre-Monsoon,31.3,45.7,1000.7,1.6,45.1,66.5
Haryana,2017,5,Pre-Monsoon,32.4,48.2,1006.2,1.7,36.5,9.4
Haryana,2017,6,Monsoon,30.3,68.5,1021.6,2.9,93.7,152.0
Haryana,2017,7,Monsoon,24.4,71.2,1013.0,3.0,82.4,120.1
Haryana,2017,8,Monsoon,25.8,74.3,1001.3,3.0,77.0,106.2
Haryana,2017,9,Monsoon,25.6,71.5,1016.7,5.4,73.2,106.8
Haryana,2017,10,Post-Monsoon,26.1,61.4,1007.3,4.6,35.5,34.8
Haryana,2017,11,Post-Monsoon,29.7,46.0,1019.0,3.7,40.1,40.2
Haryana,2017,12,Winter,25.0,45.0,1017.8,0.3,41.7,40.5
Haryana,2018,1,Winter,26.3,50.0,1014.7,3.0,20.0,72.6
Haryana,2018,2,Winter,27.0,48.1,1024.1,1.9,23.0,38.5
Haryana,2018,3,Pre-Monsoon,30.9,41.8,1016.8,2.8,20.0,44.8
Haryana,2018,4,Pre-Monsoon,31.7,46.4,1021.1,1.3,42.0,29.6
Haryana,2018,5,Pre-Monsoon,27.8,40.0,1006.4,2.0,31.8,63.6
Haryana,2018,6,Monsoon,26.4,52.3,1021.0,3.7,74.1,91.2
Haryana,2018,7,Monsoon,27.4,73.8,1016.4,3.6,100.0,121.6
Haryana,2018,8,Monsoon,26.7,72.7,1014.7,4.9,100.0,112.2
Haryana,2018,9,Monsoon,26.4,65.9,1020.5,3.0,45.5,56.0
Haryana,2018,10,Post-Monsoon,23.7,41.6,1016.5,1.6,13.6,30.6
Haryana,2018,11,Post-Monsoon,28.7,31.4,1018.7,3.3,49.3,75.2
Haryana,2018,12,Winter,27.4,42.2,1013.8,2.1,35.0,78.5
Haryana,2019,1,Winter,20.3,38.1,1022.6,3.5,29.6,70.9
Haryana,2019,2,Winter,23.7,57.0,1013.5,3.5,74.6,130.6
Haryana,2019,3,Pre-Monsoon,30.1,50.8,1010.4,4.9,37.7,66.3
Haryana,2019,4,Pre-Monsoon,28.3,53.8,1019.1,2.0,43.6,38.2
Haryana,2019,5,Pre-Monsoon,30.4,48.6,1025.0,1.7,15.8,18.1
Haryana,2019,6,Monsoon,24.3,75.7,1023.8,4.8,93.3,147.2
Haryana,2019,7,Monsoon,26.8,62.3,1010.8,3.0,79.0,124.1
Haryana,2019,8,Monsoon,28.5,65.7,1011.9,3.6,76.1,143.4
Haryana,2019,9,Monsoon,24.7,65.7,1014.6,3.8,66.2,118.5
Haryana,2019,10,Post-Monsoon,24.7,47.8,1006.7,3.6,70.1,84.3
Haryana,2019,11,Post-Monsoon,28.1,39.2,1020.3,1.2,42.2,41.2
Haryana,2019,12,Winter,22.6,36.8,1018.8,1.7,43.3,55.0
Haryana,2020,1,Winter,22.8,46.2,1007.7,2.7,58.0,72.1
Haryana,2020,2,Winter,25.3,57.0,1007.3,1.0,39.5,67.5
Haryana,2020,3,Pre-Monsoon,33.7,45.3,1007.4,1.4,51.3,70.0
Haryana,2020,4,Pre-Monsoon,30.1,52.6,1009.6,2.5,34.8,90.0
Haryana,2020,5,Pre-Monsoon,31.2,43.2,1013.4,2.1,12.8,46.8
Haryana,2020,6,Monsoon,30.8,57.9,1007.6,3.6,85.9,142.2
Haryana,2020,7,Monsoon,26.7,57.7,1013.6,2.9,77.2,140.8
Haryana,2020,8,Monsoon,24.5,52.7,1024.1,3.9,92.0,120.3
Haryana,2020,9,Monsoon,26.7,68.5,1006.8,4.6,69.3,87.6
Haryana,2020,10,Post-Monsoon,27.7,42.9,1011.9,1.3,58.9,111.3
Haryana,2020,11,Post-Monsoon,28.9,42.6,1000.9,4.5,34.1,48.7
Haryana,2020,12,Winter,23.8,54.3,1012.8,3.8,51.2,61.0
Haryana,2021,1,Winter,21.7,52.7,994.0,2.4,13.5,35.3
Haryana,2021,2,Winter,22.4,42.1,1009.1,1.4,69.4,114.5
Haryana,2021,3,Pre-Monsoon,27.7,57.7,1010.2,2.6,34.1,44.6
Haryana,2021,4,Pre-Monsoon,32.0,46.0,1009.7,1.2,21.6,8.2
Haryana,2021,5,Pre-Monsoon,30.0,35.4,1011.1,3.9,53.0,58.5
Haryana,2021,6,Monsoon,26.8,80.0,1016.6,4.2,53.6,92.1
Haryana,2021,7,Monsoon,28.7,59.9,1015.0,4.1,72.2,38.0
Haryana,2021,8,Monsoon,26.6,72.8,1008.6,4.6,63.7,98.4
Haryana,2021,9,Monsoon,26.6,57.5,1022.3,5.4,65.9,88.3
Haryana,2021,10,Post-Monsoon,28.1,50.1,1001.1,3.5,26.5,43.6
Haryana,2021,11,Post-Monsoon,32.3,47.4,1010.3,0.3,55.8,42.1
Haryana,2021,12,Winter,21.0,42.3,1022.9,3.3,32.6,48.5
Haryana,2022,1,Winter,21.8,46.1,1013.5,3.5,49.5,71.8
Haryana,2022,2,Winter,22.3,50.9,1012.4,1.4,29.0,50.5
Haryana,2022,3,Pre-Monsoon,31.8,43.5,1004.5,2.6,36.7,57.4
Haryana,2022,4,Pre-Monsoon,31.8,53.2,1008.8,1.9,19.4,57.8
Haryana,2022,5,Pre-Monsoon,32.9,42.5,1011.3,4.0,42.6,63.8
Haryana,2022,6,Monsoon,24.6,70.4,1006.5,3.4,69.8,83.8
Haryana,2022,7,Monsoon,26.6,53.5,1019.7,5.6,45.8,80.4
Haryana,2022,8,Monsoon,25.4,71.9,1012.5,4.5,72.2,120.1
Haryana,2022,9,Monsoon,24.5,69.9,1020.7,5.2,100.0,103.1
Haryana,2022,10,Post-Monsoon,28.9,44.2,1021.6,2.5,29.2,67.3
Haryana,2022,11,Post-Monsoon,26.0,33.7,1009.4,3.1,55.9,63.4
Haryana,2022,12,Winter,25.6,34.1,1009.9,2.2,33.3,44.8
Haryana,2023,1,Winter,24.4,41.4,1014.0,2.5,21.1,33.9
Haryana,2023,2,Winter,22.7,43.7,1013.2,2.6,28.5,69.2
Haryana,2023,3,Pre-Monsoon,27.7,39.2,1032.5,1.5,14.7,37.0
Haryana,2023,4,Pre-Monsoon,25.8,43.1,1028.0,1.0,5.3,0.0
Haryana,2023,5,Pre-Monsoon,31.8,54.0,1009.4,3.2,55.9,109.1
Haryana,2023,6,Monsoon,26.5,46.6,1007.3,4.1,71.1,78.2
Haryana,2023,7,Monsoon,29.2,75.2,1011.8,5.6,80.4,106.0
Haryana,2023,8,Monsoon,28.8,65.6,1027.4,3.1,67.3,79.7
Haryana,2023,9,Monsoon,27.9,75.1,1012.8,3.1,87.6,125.2
Haryana,2023,10,Post-Monsoon,23.1,45.0,1001.9,1.8,21.5,59.6
Haryana,2023,11,Post-Monsoon,27.2,34.7,1019.2,1.1,40.0,28.8
Haryana,2023,12,Winter,22.3,49.0,1016.7,3.8,33.8,55.9
Haryana,2024,1,Winter,22.1,46.5,1016.1,2.4,7.9,34.4
Haryana,2024,2,Winter,23.7,39.6,1004.0,4.0,42.4,51.4
Haryana,2024,3,Pre-Monsoon,27.7,38.4,1022.1,2.6,26.7,45.8
Haryana,2024,4,Pre-Monsoon,28.4,57.0,1022.5,2.0,25.6,0.0
Haryana,2024,5,Pre-Monsoon,27.0,34.3,1013.9,2.2,14.8,21.2
Haryana,2024,6,Monsoon,28.0,69.2,999.7,4.4,54.2,103.1
Haryana,2024,7,Monsoon,28.6,57.8,1007.6,4.0,41.2,71.3
Haryana,2024,8,Monsoon,26.5,72.8,1005.3,3.9,52.4,63.4
Haryana,2024,9,Monsoon,24.6,73.0,1008.1,4.6,69.3,70.6
Haryana,2024,10,Post-Monsoon,26.7,49.8,1004.5,3.3,22.3,36.2
Haryana,2024,11,Post-Monsoon,28.1,39.7,1013.3,2.2,36.9,0.4
Haryana,2024,12,Winter,19.3,49.9,1020.3,1.6,31.3,52.8
Uttar Pradesh,2010,1,Winter,26.4,38.8,1006.8,2.2,45.5,107.0
Uttar Pradesh,2010,2,Winter,24.5,43.7,1015.8,3.8,36.6,31.1
Uttar Pradesh,2010,3,Pre-Monsoon,33.9,60.3,1005.8,2.9,50.0,97.5
Uttar Pradesh,2010,4,Pre-Monsoon,31.9,52.1,1021.6,1.3,41.6,28.5
Uttar Pradesh,2010,5,Pre-Monsoon,34.1,52.9,1021.9,3.0,16.7,64.8
Uttar Pradesh,2010,6,Monsoon,32.1,82.1,1007.7,4.2,77.2,93.8
Uttar Pradesh,2010,7,Monsoon,32.4,76.2,994.1,4.8,69.8,102.4
Uttar Pradesh,2010,8,Monsoon,28.3,81.5,1020.8,4.8,69.9,95.6
Uttar Pradesh,2010,9,Monsoon,29.0,68.6,1017.1,5.0,98.1,137.9
Uttar Pradesh,2010,10,Post-Monsoon,27.6,61.6,1006.3,3.2,27.3,35.7
Uttar Pradesh,2010,11,Post-Monsoon,29.6,33.6,1000.7,2.3,36.2,41.5
Uttar Pradesh,2010,12,Winter,21.8,48.5,1015.7,3.1,34.8,73.7
Uttar Pradesh,2011,1,Winter,25.8,49.0,1011.0,1.1,33.4,73.9
Uttar Pradesh,2011,2,Winter,26.4,66.2,1010.9,3.8,32.1,90.5
Uttar Pradesh,2011,3,Pre-Monsoon,32.0,60.7,1023.3,2.3,38.3,83.5
Uttar Pradesh,2011,4,Pre-Monsoon,31.7,44.4,1028.0,2.0,37.4,68.5
Uttar Pradesh,2011,5,Pre-Monsoon,30.8,46.9,1014.8,0.7,30.7,51.7
Uttar Pradesh,2011,6,Monsoon,28.5,62.7,1024.2,4.6,96.5,99.9
Uttar Pradesh,2011,7,Monsoon,27.2,77.2,1011.5,3.3,97.0,106.9
Uttar Pradesh,2011,8,Monsoon,25.3,85.6,1009.5,3.9,48.5,121.2
Uttar Pradesh,2011,9,Monsoon,26.4,75.5,1019.4,4.9,74.1,62.8
Uttar Pradesh,2011,10,Post-Monsoon,27.4,56.5,1007.5,2.7,45.2,86.3
Uttar Pradesh,2011,11,Post-Monsoon,26.5,72.6,1018.4,2.5,51.3,124.6
Uttar Pradesh,2011,12,Winter,22.1,53.2,996.4,2.7,40.5,65.0
Uttar Pradesh,2012,1,Winter,23.7,38.6,1015.6,4.0,26.1,46.6
Uttar Pradesh,2012,2,Winter,21.9,58.7,1010.2,1.7,23.6,42.1
Uttar Pradesh,2012,3,Pre-Monsoon,32.8,44.5,1010.2,2.5,18.5,73.4
Uttar Pradesh,2012,4,Pre-Monsoon,30.3,49.6,1006.2,4.3,43.3,43.2
Uttar Pradesh,2012,5,Pre-Monsoon,34.2,56.6,1014.8,2.2,23.8,53.8
Uttar Pradesh,2012,6,Monsoon,27.9,89.5,1004.1,6.0,73.3,116.7
Uttar Pradesh,2012,7,Monsoon,30.7,70.0,1019.0,1.8,64.2,67.2
Uttar Pradesh,2012,8,Monsoon,26.5,73.3,1015.7,5.2,78.6,87.3
Uttar Pradesh,2012,9,Monsoon,29.7,76.0,1019.6,5.3,75.5,80.2
Uttar Pradesh,2012,10,Post-Monsoon,27.7,50.6,1010.8,2.8,45.7,61.6
Uttar Pradesh,2012,11,Post-Monsoon,29.0,56.1,1009.4,1.6,8.7,23.0
Uttar Pradesh,2012,12,Winter,25.9,49.4,1011.3,3.0,42.8,37.7
Uttar Pradesh,2013,1,Winter,27.0,64.0,1005.1,1.7,52.9,75.7
Uttar Pradesh,2013,2,Winter,20.6,43.8,1011.3,1.3,28.8,45.5
Uttar Pradesh,2013,3,Pre-Monsoon,34.9,52.7,1020.5,3.9,56.5,74.3
Uttar Pradesh,2013,4,Pre-Monsoon,28.1,58.7,1020.3,2.4,61.2,93.2
Uttar Pradesh,2013,5,Pre-Monsoon,33.1,63.7,1015.3,0.0,27.5,78.0
Uttar Pradesh,2013,6,Monsoon,27.4,73.2,1005.7,6.3,100.0,104.0
Uttar Pradesh,2013,7,Monsoon,29.3,69.6,1017.3,5.0,87.2,111.2
Uttar Pradesh,2013,8,Monsoon,34.9,66.8,1001.0,4.1,51.5,51.0
Uttar Pradesh,2013,9,Monsoon,27.0,67.6,1006.3,5.0,67.4,88.4
Uttar Pradesh,2013,10,Post-Monsoon,30.8,48.9,1011.1,2.9,5.9,0.0
Uttar Pradesh,2013,11,Post-Monsoon,29.7,58.9,1027.4,2.7,47.3,58.3
Uttar Pradesh,2013,12,Winter,25.6,68.3,998.1,2.9,67.0,101.0
Uttar Pradesh,2014,1,Winter,28.3,50.0,1012.8,2.5,1.7,2.0
Uttar Pradesh,2014,2,Winter,22.8,61.6,1019.1,2.8,47.4,44.7
Uttar Pradesh,2014,3,Pre-Monsoon,34.4,55.1,1013.4,2.2,45.3,38.8
Uttar Pradesh,2014,4,Pre-Monsoon,34.0,45.9,1005.3,3.2,33.7,30.3
Uttar Pradesh,2014,5,Pre-Monsoon,33.8,50.1,1011.6,3.9,58.1,72.4
Uttar Pradesh,2014,6,Monsoon,28.4,84.8,1006.4,3.6,39.7,79.5
Uttar Pradesh,2014,7,Monsoon,27.3,74.0,1006.6,5.2,69.4,49.8
Uttar Pradesh,2014,8,Monsoon,29.9,63.5,1007.1,2.4,53.6,57.2
Uttar Pradesh,2014,9,Monsoon,25.1,63.2,1013.0,4.0,100.0,104.6
Uttar Pradesh,2014,10,Post-Monsoon,27.3,59.5,1018.2,1.9,12.6,26.7
Uttar Pradesh,2014,11,Post-Monsoon,28.7,51.5,1016.1,1.7,17.7,28.6
Uttar Pradesh,2014,12,Winter,25.8,45.6,1019.5,0.7,26.3,24.8
Uttar Pradesh,2015,1,Winter,23.7,50.5,1026.1,1.6,71.6,60.1
Uttar Pradesh,2015,2,Winter,25.2,58.8,1030.7,1.5,18.2,15.7
Uttar Pradesh,2015,3,Pre-Monsoon,32.1,41.2,1013.2,4.2,37.3,30.4
Uttar Pradesh,2015,4,Pre-Monsoon,30.8,62.2,1007.2,4.3,64.0,63.5
Uttar Pradesh,2015,5,Pre-Monsoon,32.0,63.2,1020.7,1.7,27.1,17.4
Uttar Pradesh,2015,6,Monsoon,29.8,80.3,1003.6,4.0,54.8,50.8
Uttar Pradesh,2015,7,Monsoon,30.1,69.1,1010.9,2.9,77.8,68.9
Uttar Pradesh,2015,8,Monsoon,27.5,73.5,1014.3,3.7,52.9,81.7
Uttar Pradesh,2015,9,Monsoon,27.7,74.2,1020.1,8.0,56.3,63.4
Uttar Pradesh,2015,10,Post-Monsoon,27.6,50.7,1008.0,1.4,34.4,17.7
Uttar Pradesh,2015,11,Post-Monsoon,30.9,55.4,1016.0,2.0,29.5,39.4
Uttar Pradesh,2015,12,Winter,22.7,52.1,1007.0,1.6,3.4,40.6
Uttar Pradesh,2016,1,Winter,23.6,64.3,1020.5,1.2,18.7,96.5
Uttar Pradesh,2016,2,Winter,28.5,54.7,1014.8,1.9,41.5,45.8
Uttar Pradesh,2016,3,Pre-Monsoon,27.9,44.4,1013.1,1.4,34.0,27.1
Uttar Pradesh,2016,4,Pre-Monsoon,30.4,61.8,1014.7,2.5,48.2,79.4
Uttar Pradesh,2016,5,Pre-Monsoon,34.9,51.3,1010.0,1.2,28.6,68.9
Uttar Pradesh,2016,6,Monsoon,31.6,82.7,1000.4,5.6,47.4,105.3
Uttar Pradesh,2016,7,Monsoon,28.3,80.6,1003.7,5.7,53.0,76.0
Uttar Pradesh,2016,8,Monsoon,27.0,61.0,1013.7,6.3,100.0,113.1
Uttar Pradesh,2016,9,Monsoon,31.2,76.9,1016.5,4.2,77.9,112.6
Uttar Pradesh,2016,10,Post-Monsoon,27.8,54.4,1012.6,3.3,19.0,41.8
Uttar Pradesh,2016,11,Post-Monsoon,32.8,64.3,1022.4,2.5,39.8,81.5
Uttar Pradesh,2016,12,Winter,28.1,39.4,1003.8,3.8,30.8,33.4
Uttar Pradesh,2017,1,Winter,22.5,50.6,1003.2,4.6,34.7,55.6
Uttar Pradesh,2017,2,Winter,26.2,62.7,1019.6,3.6,25.5,44.2
Uttar Pradesh,2017,3,Pre-Monsoon,33.5,50.8,1013.0,2.9,46.8,27.2
Uttar Pradesh,2017,4,Pre-Monsoon,33.4,53.1,1018.0,3.3,59.1,99.1
Uttar Pradesh,2017,5,Pre-Monsoon,34.7,66.5,1015.0,2.5,48.1,87.0
Uttar Pradesh,2017,6,Monsoon,28.4,78.2,1012.8,3.6,94.4,118.4
Uttar Pradesh,2017,7,Monsoon,33.1,62.0,1009.1,4.5,92.1,115.2
Uttar Pradesh,2017,8,Monsoon,29.6,66.0,1004.9,4.8,54.5,70.6
Uttar Pradesh,2017,9,Monsoon,30.0,67.1,1024.2,5.7,51.4,53.1
Uttar Pradesh,2017,10,Post-Monsoon,24.4,48.7,1018.4,2.1,41.9,25.0
Uttar Pradesh,2017,11,Post-Monsoon,30.6,50.6,1013.1,2.4,15.9,14.8
Uttar Pradesh,2017,12,Winter,26.9,58.2,1020.4,2.8,37.1,22.0
Uttar Pradesh,2018,1,Winter,24.5,54.8,1026.7,3.2,58.0,80.6
Uttar Pradesh,2018,2,Winter,23.6,55.9,1014.7,1.6,29.2,47.0
Uttar Pradesh,2018,3,Pre-Monsoon,35.2,38.4,1021.4,1.6,14.4,49.6
Uttar Pradesh,2018,4,Pre-Monsoon,33.5,65.0,1018.6,4.6,43.4,63.2
Uttar Pradesh,2018,5,Pre-Monsoon,32.7,64.9,1007.5,1.8,30.4,18.2
Uttar Pradesh,2018,6,Monsoon,29.3,59.9,1013.4,5.4,67.8,118.4
Uttar Pradesh,2018,7,Monsoon,26.1,84.5,1017.7,2.8,100.0,122.4
Uttar Pradesh,2018,8,Monsoon,27.2,63.7,1011.5,4.4,76.5,88.9
Uttar Pradesh,2018,9,Monsoon,30.3,71.9,999.5,4.4,39.5,82.0
Uttar Pradesh,2018,10,Post-Monsoon,27.0,56.3,1022.2,1.6,50.9,57.0
Uttar Pradesh,2018,11,Post-Monsoon,32.5,52.1,1007.1,3.2,28.5,34.3
Uttar Pradesh,2018,12,Winter,24.0,54.6,1022.4,0.6,35.3,64.6
Uttar Pradesh,2019,1,Winter,25.4,65.5,1012.5,2.3,43.9,92.8
Uttar Pradesh,2019,2,Winter,24.2,59.1,1008.4,1.9,27.1,105.1
Uttar Pradesh,2019,3,Pre-Monsoon,25.6,58.2,1013.2,0.8,39.6,92.1
Uttar Pradesh,2019,4,Pre-Monsoon,33.2,33.8,1022.6,1.8,45.3,81.0
Uttar Pradesh,2019,5,Pre-Monsoon,30.2,60.3,1010.3,0.4,52.5,76.1
Uttar Pradesh,2019,6,Monsoon,27.3,71.8,1014.9,4.4,83.2,100.0
Uttar Pradesh,2019,7,Monsoon,27.5,74.1,1026.3,4.4,91.3,140.0
Uttar Pradesh,2019,8,Monsoon,28.0,73.0,1011.8,5.1,95.6,159.6
Uttar Pradesh,2019,9,Monsoon,31.4,67.3,1010.1,3.8,79.7,120.8
Uttar Pradesh,2019,10,Post-Monsoon,30.5,47.6,1013.3,3.2,4.0,89.5
Uttar Pradesh,2019,11,Post-Monsoon,28.4,38.8,1014.1,2.5,33.8,83.8
Uttar Pradesh,2019,12,Winter,26.5,57.4,1016.2,2.4,61.6,62.0
Uttar Pradesh,2020,1,Winter,25.3,55.5,1018.7,1.7,8.8,46.9
Uttar Pradesh,2020,2,Winter,25.6,66.9,1004.1,3.7,70.5,113.6
Uttar Pradesh,2020,3,Pre-Monsoon,29.4,51.7,1013.1,3.1,26.1,101.2
Uttar Pradesh,2020,4,Pre-Monsoon,29.8,41.1,1020.7,0.2,31.9,135.5
Uttar Pradesh,2020,5,Pre-Monsoon,32.0,46.0,1012.6,2.4,37.4,85.5
Uttar Pradesh,2020,6,Monsoon,26.9,88.5,1014.7,5.2,65.6,163.0
Uttar Pradesh,2020,7,Monsoon,28.5,77.2,1006.5,3.5,85.3,134.1
Uttar Pradesh,2020,8,Monsoon,27.3,69.9,1017.9,3.9,73.2,121.7
Uttar Pradesh,2020,9,Monsoon,25.2,63.2,1015.4,3.8,90.9,161.0
Uttar Pradesh,2020,10,Post-Monsoon,30.4,69.6,1012.4,3.1,26.2,138.8
Uttar Pradesh,2020,11,Post-Monsoon,33.0,55.1,1015.7,3.9,32.8,51.8
Uttar Pradesh,2020,12,Winter,26.7,55.6,1014.3,1.7,9.2,51.7
Uttar Pradesh,2021,1,Winter,26.8,53.2,1023.1,1.8,19.2,36.7
Uttar Pradesh,2021,2,Winter,24.8,61.2,1007.6,3.9,64.5,84.5
Uttar Pradesh,2021,3,Pre-Monsoon,34.5,46.5,1020.5,3.5,48.0,57.8
Uttar Pradesh,2021,4,Pre-Monsoon,26.1,49.9,1008.6,1.5,36.8,47.6
Uttar Pradesh,2021,5,Pre-Monsoon,30.4,46.5,1008.0,3.6,25.1,34.5
Uttar Pradesh,2021,6,Monsoon,28.1,77.7,1016.2,1.5,90.3,141.1
Uttar Pradesh,2021,7,Monsoon,26.9,67.2,1009.8,3.7,78.4,60.2
Uttar Pradesh,2021,8,Monsoon,26.8,87.3,1006.5,5.7,80.3,77.9
Uttar Pradesh,2021,9,Monsoon,30.3,74.1,1009.8,4.7,82.1,120.4
Uttar Pradesh,2021,10,Post-Monsoon,31.4,58.3,1003.4,2.0,79.1,111.4
Uttar Pradesh,2021,11,Post-Monsoon,33.7,66.2,1014.7,2.8,34.5,26.6
Uttar Pradesh,2021,12,Winter,25.0,64.7,1008.8,2.9,47.8,55.3
Uttar Pradesh,2022,1,Winter,24.1,46.9,1007.2,1.2,21.5,70.8
Uttar Pradesh,2022,2,Winter,23.2,56.0,1009.5,3.7,54.7,90.8
Uttar Pradesh,2022,3,Pre-Monsoon,32.6,53.2,1004.7,4.4,23.6,62.2
Uttar Pradesh,2022,4,Pre-Monsoon,34.1,50.6,1020.3,3.3,60.9,61.6
Uttar Pradesh,2022,5,Pre-Monsoon,29.4,51.0,1014.5,2.6,29.1,9.9
Uttar Pradesh,2022,6,Monsoon,29.9,90.8,1016.2,5.1,83.6,122.8
Uttar Pradesh,2022,7,Monsoon,30.9,78.2,1010.8,3.7,71.3,105.9
Uttar Pradesh,2022,8,Monsoon,28.4,77.5,1016.1,5.3,94.2,117.0
Uttar Pradesh,2022,9,Monsoon,26.4,72.2,1013.3,2.7,95.8,117.5
Uttar Pradesh,2022,10,Post-Monsoon,29.8,65.9,1008.6,3.1,33.4,59.1
Uttar Pradesh,2022,11,Post-Monsoon,27.5,68.3,1010.4,3.2,6.9,65.9
Uttar Pradesh,2022,12,Winter,27.1,55.8,1011.4,2.9,69.3,49.1
Uttar Pradesh,2023,1,Winter,26.6,47.7,1012.9,2.3,28.6,46.1
Uttar Pradesh,2023,2,Winter,22.7,63.2,1000.4,3.0,30.1,38.4
Uttar Pradesh,2023,3,Pre-Monsoon,32.4,42.5,1013.3,1.1,41.9,35.3
Uttar Pradesh,2023,4,Pre-Monsoon,31.1,57.4,1007.6,2.4,12.3,53.8
Uttar Pradesh,2023,5,Pre-Monsoon,35.5,77.3,1013.6,3.3,8.3,77.6
Uttar Pradesh,2023,6,Monsoon,30.6,71.1,1021.7,4.2,68.1,98.0
Uttar Pradesh,2023,7,Monsoon,26.9,83.2,1005.6,3.4,61.4,111.9
Uttar Pradesh,2023,8,Monsoon,27.8,64.2,1008.8,4.5,57.3,57.8
Uttar Pradesh,2023,9,Monsoon,33.2,68.1,1010.7,4.1,68.7,103.9
Uttar Pradesh,2023,10,Post-Monsoon,30.9,52.6,1004.3,3.8,33.6,91.3
Uttar Pradesh,2023,11,Post-Monsoon,24.5,56.6,1026.4,2.1,31.6,54.6
Uttar Pradesh,2023,12,Winter,23.9,52.5,1010.6,1.9,53.4,79.2
Uttar Pradesh,2024,1,Winter,25.5,61.5,1011.1,1.7,26.0,53.2
Uttar Pradesh,2024,2,Winter,22.9,51.0,1009.4,4.6,0.0,23.3
Uttar Pradesh,2024,3,Pre-Monsoon,35.5,56.0,1018.3,2.6,25.0,1.4
Uttar Pradesh,2024,4,Pre-Monsoon,32.4,48.8,1007.4,2.0,61.2,123.4
Uttar Pradesh,2024,5,Pre-Monsoon,32.4,51.3,1004.8,3.0,61.7,73.3
Uttar Pradesh,2024,6,Monsoon,24.2,80.4,1019.9,2.9,77.6,111.4
Uttar Pradesh,2024,7,Monsoon,28.9,68.7,1020.1,4.1,52.7,34.3
Uttar Pradesh,2024,8,Monsoon,31.5,79.9,1013.6,4.1,67.1,74.7
Uttar Pradesh,2024,9,Monsoon,28.1,58.0,1007.8,4.2,84.1,98.2
Uttar Pradesh,2024,10,Post-Monsoon,30.6,65.8,1020.4,3.0,35.2,39.8
Uttar Pradesh,2024,11,Post-Monsoon,30.5,68.4,1015.4,4.4,12.1,21.5
Uttar Pradesh,2024,12,Winter,26.7,57.1,1022.2,2.5,22.0,38.7
Bihar,2010,1,Winter,20.9,51.0,1019.8,3.4,40.4,20.6
Bihar,2010,2,Winter,23.3,50.2,1021.2,1.9,18.7,37.2
Bihar,2010,3,Pre-Monsoon,29.7,71.9,1007.9,1.1,2.7,41.5
Bihar,2010,4,Pre-Monsoon,29.9,48.6,1021.3,3.2,34.6,75.6
Bihar,2010,5,Pre-Monsoon,32.3,53.4,1005.7,3.3,40.9,65.9
Bihar,2010,6,Monsoon,26.3,84.9,1007.7,4.4,96.7,112.0
Bihar,2010,7,Monsoon,24.9,71.6,1020.0,4.8,73.1,83.2
Bihar,2010,8,Monsoon,29.0,73.2,1015.1,3.8,61.5,74.3
Bihar,2010,9,Monsoon,27.2,79.6,1014.6,0.8,62.9,84.4
Bihar,2010,10,Post-Monsoon,31.0,51.4,1014.1,4.0,15.3,45.3
Bihar,2010,11,Post-Monsoon,26.4,56.0,1007.4,1.8,75.8,108.2
Bihar,2010,12,Winter,26.2,63.9,1001.8,2.9,51.1,61.5
Bihar,2011,1,Winter,25.9,65.6,1026.0,2.1,18.5,36.6
Bihar,2011,2,Winter,26.9,45.4,998.5,2.6,28.4,50.7
Bihar,2011,3,Pre-Monsoon,32.9,55.6,999.9,4.5,20.0,28.2
Bihar,2011,4,Pre-Monsoon,33.2,56.9,1012.6,3.0,51.3,63.5
Bihar,2011,5,Pre-Monsoon,34.0,42.9,1018.3,1.7,55.6,65.7
Bihar,2011,6,Monsoon,26.7,85.3,1019.3,5.1,59.6,81.4
Bihar,2011,7,Monsoon,28.0,79.7,1018.2,2.5,80.0,98.7
Bihar,2011,8,Monsoon,26.3,74.1,1011.5,0.9,64.5,73.9
Bihar,2011,9,Monsoon,29.1,73.6,1011.5,6.0,89.9,129.5
Bihar,2011,10,Post-Monsoon,27.0,64.3,1011.4,2.3,41.1,55.0
Bihar,2011,11,Post-Monsoon,31.0,58.7,1017.3,4.0,50.5,40.5
Bihar,2011,12,Winter,24.9,66.8,1019.2,1.4,25.1,72.4
Bihar,2012,1,Winter,22.5,57.6,1024.0,2.5,24.1,26.7
Bihar,2012,2,Winter,24.7,49.3,1011.3,2.8,54.5,82.0
Bihar,2012,3,Pre-Monsoon,29.6,69.4,1010.9,1.3,32.4,92.0
Bihar,2012,4,Pre-Monsoon,31.3,60.1,1024.5,1.1,15.7,6.5
Bihar,2012,5,Pre-Monsoon,31.7,61.3,1023.8,2.7,28.9,50.5
Bihar,2012,6,Monsoon,28.2,66.6,1032.0,5.0,78.2,102.0
Bihar,2012,7,Monsoon,29.4,78.9,1008.6,5.1,80.8,92.3
Bihar,2012,8,Monsoon,30.8,82.3,1018.1,5.9,75.3,108.8
Bihar,2012,9,Monsoon,29.6,74.2,1013.4,4.6,60.7,134.0
Bihar,2012,10,Post-Monsoon,25.2,49.6,1022.2,3.2,19.6,48.7
Bihar,2012,11,Post-Monsoon,30.9,59.8,1031.2,0.8,45.4,83.0
Bihar,2012,12,Winter,25.8,58.4,1011.0,2.9,47.2,80.5
Bihar,2013,1,Winter,26.1,51.8,1011.4,1.6,29.2,70.2
Bihar,2013,2,Winter,24.2,80.9,1014.4,2.6,36.6,59.3
Bihar,2013,3,Pre-Monsoon,30.9,69.0,1013.8,1.7,21.1,43.8
Bihar,2013,4,Pre-Monsoon,31.1,69.5,1003.6,2.2,37.2,33.3
Bihar,2013,5,Pre-Monsoon,29.3,54.6,1007.4,2.7,32.6,44.7
Bihar,2013,6,Monsoon,28.9,93.8,1024.5,2.6,83.7,109.8
Bihar,2013,7,Monsoon,28.3,76.8,1013.8,4.7,66.3,75.7
Bihar,2013,8,Monsoon,27.1,81.9,1017.2,5.4,67.6,102.0
Bihar,2013,9,Monsoon,29.9,89.3,1012.6,4.3,77.9,87.9
Bihar,2013,10,Post-Monsoon,27.6,66.0,1017.5,2.2,38.3,46.7
Bihar,2013,11,Post-Monsoon,29.4,59.4,1011.1,2.1,34.1,49.5
Bihar,2013,12,Winter,25.3,56.8,1024.2,4.0,21.6,43.1
Bihar,2014,1,Winter,22.7,57.4,1027.0,2.2,40.4,46.7
Bihar,2014,2,Winter,22.0,53.2,1004.6,1.6,0.0,28.7
Bihar,2014,3,Pre-Monsoon,35.1,61.2,1003.1,1.9,28.1,26.3
Bihar,2014,4,Pre-Monsoon,32.7,66.5,1004.9,3.2,57.9,85.6
Bihar,2014,5,Pre-Monsoon,36.7,52.8,1032.8,2.1,26.1,32.2
Bihar,2014,6,Monsoon,26.8,83.2,1003.8,4.3,94.3,85.9
Bihar,2014,7,Monsoon,28.3,83.8,1021.2,2.8,83.8,72.4
Bihar,2014,8,Monsoon,28.3,88.5,1004.6,3.5,46.0,53.9
Bihar,2014,9,Monsoon,30.7,79.0,1003.6,4.0,52.7,45.9
Bihar,2014,10,Post-Monsoon,28.8,50.6,1020.8,2.4,36.3,31.9
Bihar,2014,11,Post-Monsoon,29.5,66.3,1015.3,3.1,31.8,48.9
Bihar,2014,12,Winter,23.3,60.0,1011.1,2.0,24.7,42.5
Bihar,2015,1,Winter,26.6,69.4,1004.2,3.8,30.2,53.3
Bihar,2015,2,Winter,22.2,61.1,1015.2,1.0,44.1,65.0
Bihar,2015,3,Pre-Monsoon,30.7,70.9,1011.7,3.3,1.7,61.3
Bihar,2015,4,Pre-Monsoon,34.0,57.7,999.2,2.8,13.3,38.2
Bihar,2015,5,Pre-Monsoon,31.8,52.5,1020.8,3.3,49.6,44.1
Bihar,2015,6,Monsoon,25.2,87.8,1011.1,3.1,95.3,116.5
Bihar,2015,7,Monsoon,27.9,97.3,1013.6,4.1,65.5,96.7
Bihar,2015,8,Monsoon,26.4,85.9,1009.1,4.0,90.5,78.9
Bihar,2015,9,Monsoon,27.2,89.1,1024.2,5.1,65.2,60.0
Bihar,2015,10,Post-Monsoon,28.2,62.6,1006.1,3.2,36.3,20.9
Bihar,2015,11,Post-Monsoon,26.1,56.0,1012.5,4.4,38.6,29.8
Bihar,2015,12,Winter,24.4,57.2,1015.3,3.1,53.1,49.2
Bihar,2016,1,Winter,27.3,67.3,1008.0,4.7,39.9,52.4
Bihar,2016,2,Winter,27.3,76.6,1012.8,2.0,32.4,81.1
Bihar,2016,3,Pre-Monsoon,33.6,64.6,1013.7,4.0,30.3,78.1
Bihar,2016,4,Pre-Monsoon,30.4,63.4,1012.2,2.4,29.3,83.6
Bihar,2016,5,Pre-Monsoon,29.5,54.1,1027.8,3.5,0.0,10.0
Bihar,2016,6,Monsoon,24.4,72.4,991.0,4.4,57.9,94.5
Bihar,2016,7,Monsoon,24.7,80.7,1010.1,6.0,96.2,137.0
Bihar,2016,8,Monsoon,27.3,95.9,1002.1,3.1,73.7,160.8
Bihar,2016,9,Monsoon,27.6,78.5,1002.9,5.4,89.3,133.2
Bihar,2016,10,Post-Monsoon,26.7,54.3,1003.9,2.6,18.8,22.5
Bihar,2016,11,Post-Monsoon,27.2,56.1,1009.2,3.0,36.2,53.1
Bihar,2016,12,Winter,24.4,52.1,1013.7,2.7,12.5,55.6
Bihar,2017,1,Winter,22.2,60.7,1021.2,3.4,35.5,49.1
Bihar,2017,2,Winter,25.9,65.4,1008.7,1.7,3.9,42.0
Bihar,2017,3,Pre-Monsoon,30.8,69.1,1015.5,3.8,24.5,77.6
Bihar,2017,4,Pre-Monsoon,29.9,66.2,1002.8,2.7,5.2,37.5
Bihar,2017,5,Pre-Monsoon,31.9,55.8,1005.6,3.3,33.4,48.2
Bihar,2017,6,Monsoon,28.1,101.1,1021.1,5.7,81.5,120.8
Bihar,2017,7,Monsoon,23.2,74.6,1009.6,2.6,57.6,47.4
Bihar,2017,8,Monsoon,27.9,86.6,1020.7,4.9,60.5,53.4
Bihar,2017,9,Monsoon,24.5,69.8,1006.8,4.3,59.8,93.8
Bihar,2017,10,Post-Monsoon,27.5,60.1,1021.0,1.3,41.3,60.4
Bihar,2017,11,Post-Monsoon,27.3,67.1,1019.2,1.6,32.3,64.0
Bihar,2017,12,Winter,23.5,64.7,1015.0,4.3,12.0,40.0
Bihar,2018,1,Winter,22.2,64.8,1001.7,2.8,25.5,44.0
Bihar,2018,2,Winter,21.1,56.3,1020.6,2.5,44.4,94.4
Bihar,2018,3,Pre-Monsoon,31.5,55.5,1016.3,2.0,27.4,18.4
Bihar,2018,4,Pre-Monsoon,32.9,56.9,1014.3,1.5,41.5,46.4
Bihar,2018,5,Pre-Monsoon,30.7,67.0,1018.5,2.5,8.5,99.4
Bihar,2018,6,Monsoon,31.5,85.8,1007.7,4.4,66.8,127.1
Bihar,2018,7,Monsoon,28.5,73.7,1009.7,5.6,99.0,150.1
Bihar,2018,8,Monsoon,29.5,78.0,990.3,4.8,75.0,113.4
Bihar,2018,9,Monsoon,28.1,69.4,1016.9,5.1,85.2,122.0
Bihar,2018,10,Post-Monsoon,29.2,56.7,1012.5,2.6,36.6,78.3
Bihar,2018,11,Post-Monsoon,29.3,76.6,1028.4,2.6,0.0,59.3
Bihar,2018,12,Winter,22.9,53.6,1010.2,2.1,44.2,32.2
Bihar,2019,1,Winter,21.8,62.7,1017.4,3.1,23.2,38.6
Bihar,2019,2,Winter,23.0,61.9,1023.4,0.5,31.7,34.4
Bihar,2019,3,Pre-Monsoon,27.7,67.7,1016.8,2.9,48.8,82.4
Bihar,2019,4,Pre-Monsoon,30.1,77.5,1011.3,3.2,35.1,43.0
Bihar,2019,5,Pre-Monsoon,26.9,55.4,1020.4,3.3,48.7,57.6
Bihar,2019,6,Monsoon,31.2,72.3,1014.5,4.5,72.4,158.9
Bihar,2019,7,Monsoon,26.6,69.2,1013.1,4.1,100.0,168.7
Bihar,2019,8,Monsoon,27.2,71.6,999.8,3.5,76.7,172.8
Bihar,2019,9,Monsoon,30.2,81.8,1010.7,4.8,67.2,172.8
Bihar,2019,10,Post-Monsoon,27.6,59.3,997.5,2.3,47.5,69.3
Bihar,2019,11,Post-Monsoon,26.5,66.3,1002.7,3.6,27.0,68.4
Bihar,2019,12,Winter,21.8,63.0,1030.2,3.3,22.0,85.9
Bihar,2020,1,Winter,23.4,71.0,1018.6,-0.4,19.9,91.0
Bihar,2020,2,Winter,24.3,51.8,1008.6,0.6,33.7,128.5
Bihar,2020,3,Pre-Monsoon,32.6,77.5,1019.2,3.5,64.6,127.5
Bihar,2020,4,Pre-Monsoon,30.6,68.3,1023.2,2.0,24.2,69.9
Bihar,2020,5,Pre-Monsoon,32.7,66.4,1003.0,4.4,25.4,69.7
Bihar,2020,6,Monsoon,26.2,101.6,1014.7,3.6,88.0,183.1
Bihar,2020,7,Monsoon,27.6,86.7,1007.2,4.0,44.8,76.1
Bihar,2020,8,Monsoon,31.6,93.1,1013.5,6.2,72.6,134.8
Bihar,2020,9,Monsoon,28.1,79.0,1011.5,5.6,77.3,154.5
Bihar,2020,10,Post-Monsoon,30.1,63.1,1006.2,1.1,37.2,80.3
Bihar,2020,11,Post-Monsoon,28.2,59.9,1031.1,1.2,5.2,44.5
Bihar,2020,12,Winter,23.2,62.5,1017.1,3.8,12.4,38.3
Bihar,2021,1,Winter,24.9,66.2,1028.4,3.5,34.1,37.9
Bihar,2021,2,Winter,22.9,55.3,1017.6,2.8,15.1,29.5
Bihar,2021,3,Pre-Monsoon,32.8,62.8,1017.0,2.9,59.4,83.1
Bihar,2021,4,Pre-Monsoon,30.2,52.7,1014.7,0.1,32.2,47.4
Bihar,2021,5,Pre-Monsoon,28.3,52.6,1018.7,2.7,36.5,59.4
Bihar,2021,6,Monsoon,28.2,89.9,1013.9,3.0,99.5,135.4
Bihar,2021,7,Monsoon,26.8,70.0,1015.8,4.4,98.6,107.6
Bihar,2021,8,Monsoon,26.3,87.2,1019.5,4.7,85.1,111.9
Bihar,2021,9,Monsoon,28.5,89.3,1017.4,4.3,95.3,75.6
Bihar,2021,10,Post-Monsoon,32.1,46.4,1008.6,2.5,32.8,70.7
Bihar,2021,11,Post-Monsoon,25.9,62.1,1009.0,2.8,34.0,62.8
Bihar,2021,12,Winter,22.9,55.9,1015.0,3.4,26.0,31.0
Bihar,2022,1,Winter,25.2,59.7,1018.8,1.6,8.3,24.3
Bihar,2022,2,Winter,22.5,59.4,1008.5,3.2,30.7,59.8
Bihar,2022,3,Pre-Monsoon,31.3,61.6,1012.8,3.0,23.1,78.2
Bihar,2022,4,Pre-Monsoon,30.5,49.5,1014.3,1.6,45.0,104.2
Bihar,2022,5,Pre-Monsoon,29.4,62.7,1000.7,3.0,21.7,42.2
Bihar,2022,6,Monsoon,25.8,85.9,1020.1,4.5,62.0,124.9
Bihar,2022,7,Monsoon,26.5,62.7,1016.2,3.4,89.8,95.4
Bihar,2022,8,Monsoon,29.2,91.2,1004.5,3.9,73.9,142.8
Bihar,2022,9,Monsoon,26.7,75.2,1016.3,3.9,77.3,69.4
Bihar,2022,10,Post-Monsoon,32.4,49.2,1010.7,2.5,63.7,49.7
Bihar,2022,11,Post-Monsoon,32.0,66.1,1015.9,1.5,43.6,53.7
Bihar,2022,12,Winter,26.5,52.2,1012.2,1.9,20.2,57.4
Bihar,2023,1,Winter,25.1,69.7,1000.5,3.6,72.6,90.6
Bihar,2023,2,Winter,27.8,57.9,1003.4,2.2,50.7,57.2
Bihar,2023,3,Pre-Monsoon,29.8,64.7,1013.0,3.1,38.6,74.1
Bihar,2023,4,Pre-Monsoon,30.1,61.9,1006.5,3.8,25.5,77.5
Bihar,2023,5,Pre-Monsoon,30.5,61.6,1009.5,1.5,8.8,19.1
Bihar,2023,6,Monsoon,27.4,81.7,1020.1,4.1,61.8,61.6
Bihar,2023,7,Monsoon,29.0,91.1,1021.9,5.2,84.6,147.5
Bihar,2023,8,Monsoon,28.7,85.2,1010.8,3.1,64.7,98.4
Bihar,2023,9,Monsoon,28.1,95.4,1013.6,5.7,68.5,100.4
Bihar,2023,10,Post-Monsoon,25.3,54.1,1016.7,2.5,49.1,68.7
Bihar,2023,11,Post-Monsoon,27.3,77.2,1012.3,3.7,29.0,78.8
Bihar,2023,12,Winter,25.9,61.7,996.5,2.5,53.5,91.7
Bihar,2024,1,Winter,24.9,46.2,1008.0,2.9,41.2,81.8
Bihar,2024,2,Winter,23.7,63.2,1013.1,1.5,1.2,42.3
Bihar,2024,3,Pre-Monsoon,31.3,55.1,1001.7,3.1,31.0,68.3
Bihar,2024,4,Pre-Monsoon,34.7,42.9,1008.1,2.3,56.8,35.2
Bihar,2024,5,Pre-Monsoon,34.9,61.1,1012.3,2.3,28.5,75.4
Bihar,2024,6,Monsoon,25.9,82.8,1010.3,3.7,100.0,133.9
Bihar,2024,7,Monsoon,29.2,89.1,1003.1,6.3,37.4,66.8
Bihar,2024,8,Monsoon,27.1,84.7,1014.5,4.3,74.8,85.3
Bihar,2024,9,Monsoon,25.0,85.8,1017.9,6.1,63.1,108.7
Bihar,2024,10,Post-Monsoon,27.4,69.5,1020.2,2.7,29.9,76.8
Bihar,2024,11,Post-Monsoon,29.3,54.5,1003.7,2.2,57.7,100.3
Bihar,2024,12,Winter,21.8,50.7,1021.9,1.4,42.6,43.4
West Bengal,2010,1,Winter,29.2,63.8,1021.0,2.7,38.8,21.5
West Bengal,2010,2,Winter,21.6,68.2,1014.7,1.4,18.7,61.2
West Bengal,2010,3,Pre-Monsoon,34.1,68.9,1018.5,1.3,29.7,90.6
West Bengal,2010,4,Pre-Monsoon,33.1,71.0,1029.1,1.1,46.9,101.8
West Bengal,2010,5,Pre-Monsoon,32.4,76.9,1006.1,1.8,40.8,92.3
West Bengal,2010,6,Monsoon,32.2,102.6,1012.5,5.7,69.9,130.5
West Bengal,2010,7,Monsoon,30.4,93.6,1016.0,2.9,58.1,98.3
West Bengal,2010,8,Monsoon,26.6,96.6,1019.1,4.8,58.2,124.5
West Bengal,2010,9,Monsoon,34.1,91.2,1016.6,4.7,83.0,112.0
West Bengal,2010,10,Post-Monsoon,29.9,77.2,1029.4,1.1,33.4,37.7
West Bengal,2010,11,Post-Monsoon,33.2,65.3,1002.9,3.1,61.2,100.2
West Bengal,2010,12,Winter,26.4,73.3,1022.9,1.6,33.3,52.4
West Bengal,2011,1,Winter,23.7,67.4,1020.8,3.1,44.7,70.8
West Bengal,2011,2,Winter,27.0,63.6,1010.8,2.7,39.2,71.6
West Bengal,2011,3,Pre-Monsoon,32.7,67.0,1035.1,3.4,41.2,54.4
West Bengal,2011,4,Pre-Monsoon,32.1,69.0,1015.0,0.6,11.5,31.8
West Bengal,2011,5,Pre-Monsoon,33.4,68.1,1023.3,1.0,23.7,80.9
West Bengal,2011,6,Monsoon,30.3,97.1,1027.4,3.8,73.5,100.7
West Bengal,2011,7,Monsoon,26.1,87.5,1019.2,5.0,84.3,104.8
West Bengal,2011,8,Monsoon,28.7,100.2,1009.5,4.8,77.5,147.5
West Bengal,2011,9,Monsoon,31.9,79.6,1004.7,5.1,74.0,96.0
West Bengal,2011,10,Post-Monsoon,32.0,71.5,1013.4,3.3,29.4,92.4
West Bengal,2011,11,Post-Monsoon,28.4,75.3,1023.0,1.1,29.8,82.7
West Bengal,2011,12,Winter,28.3,68.6,1007.9,3.5,52.8,56.9
West Bengal,2012,1,Winter,23.6,71.8,1017.4,2.2,45.2,58.1
West Bengal,2012,2,Winter,21.8,66.6,1013.4,2.2,17.6,12.4
West Bengal,2012,3,Pre-Monsoon,32.0,77.2,1021.8,3.7,22.8,32.7
West Bengal,2012,4,Pre-Monsoon,34.0,75.1,1015.8,0.5,22.0,55.7
West Bengal,2012,5,Pre-Monsoon,34.0,76.1,1014.0,2.8,36.3,82.8
West Bengal,2012,6,Monsoon,30.6,90.5,1011.1,4.6,82.3,121.0
West Bengal,2012,7,Monsoon,30.8,100.7,1014.9,3.9,88.3,97.8
West Bengal,2012,8,Monsoon,27.8,92.7,1016.6,3.3,69.3,92.3
West Bengal,2012,9,Monsoon,29.0,97.5,1017.9,4.5,66.8,77.8
West Bengal,2012,10,Post-Monsoon,32.8,74.7,1008.1,3.2,33.9,63.0
West Bengal,2012,11,Post-Monsoon,30.9,64.1,1010.6,2.6,27.5,69.6
West Bengal,2012,12,Winter,29.7,64.0,1001.3,0.5,32.7,50.8
West Bengal,2013,1,Winter,26.4,71.1,1001.8,0.7,39.4,76.2
West Bengal,2013,2,Winter,25.1,56.7,1016.3,3.8,39.2,41.9
West Bengal,2013,3,Pre-Monsoon,33.1,59.1,1020.4,2.6,8.5,28.0
West Bengal,2013,4,Pre-Monsoon,33.9,67.3,1011.1,1.3,43.5,57.8
West Bengal,2013,5,Pre-Monsoon,28.7,67.0,1019.9,2.1,61.1,89.7
West Bengal,2013,6,Monsoon,30.7,89.0,1012.5,4.2,70.5,115.4
West Bengal,2013,7,Monsoon,28.1,81.4,1005.1,6.5,83.0,119.2
West Bengal,2013,8,Monsoon,27.9,95.0,1012.2,4.7,60.4,103.6
West Bengal,2013,9,Monsoon,29.2,83.9,1018.1,3.0,83.5,123.5
West Bengal,2013,10,Post-Monsoon,28.2,63.4,1011.4,2.8,32.7,68.3
West Bengal,2013,11,Post-Monsoon,33.5,65.9,1001.0,3.3,60.2,95.2
West Bengal,2013,12,Winter,23.8,69.0,1005.2,3.1,14.7,45.1
West Bengal,2014,1,Winter,24.0,71.0,1010.4,2.7,35.3,32.9
West Bengal,2014,2,Winter,27.3,69.6,1006.1,4.7,42.1,49.0
West Bengal,2014,3,Pre-Monsoon,35.8,84.7,1012.0,2.8,20.2,41.5
West Bengal,2014,4,Pre-Monsoon,32.6,71.5,1015.3,3.1,38.6,30.4
West Bengal,2014,5,Pre-Monsoon,31.1,65.6,1011.0,3.6,17.6,29.3
West Bengal,2014,6,Monsoon,31.9,87.6,1016.2,4.4,78.9,73.2
West Bengal,2014,7,Monsoon,31.3,77.6,1010.5,4.8,83.0,97.1
West Bengal,2014,8,Monsoon,29.2,101.8,1008.4,5.8,87.3,76.5
West Bengal,2014,9,Monsoon,30.6,89.6,1017.4,4.3,70.4,91.3
West Bengal,2014,10,Post-Monsoon,29.8,76.6,1011.4,4.2,24.8,34.3
West Bengal,2014,11,Post-Monsoon,33.0,66.4,1024.2,3.4,32.7,14.0
West Bengal,2014,12,Winter,26.0,70.8,1021.2,4.1,24.7,48.9
West Bengal,2015,1,Winter,27.5,78.6,1016.5,0.6,32.7,30.5
West Bengal,2015,2,Winter,25.6,77.8,1015.1,3.6,40.1,32.7
West Bengal,2015,3,Pre-Monsoon,28.0,71.2,1011.5,1.5,9.5,21.7
West Bengal,2015,4,Pre-Monsoon,32.6,75.3,1014.3,4.1,19.5,50.9
West Bengal,2015,5,Pre-Monsoon,33.1,75.6,1009.9,3.6,39.4,41.5
West Bengal,2015,6,Monsoon,30.0,88.1,1016.4,3.3,74.6,79.7
West Bengal,2015,7,Monsoon,30.1,100.8,1018.4,4.5,78.3,85.1
West Bengal,2015,8,Monsoon,30.8,75.4,1010.9,3.0,94.2,80.5
West Bengal,2015,9,Monsoon,29.6,97.2,1016.0,3.4,73.9,73.1
West Bengal,2015,10,Post-Monsoon,26.5,64.5,1011.7,2.4,12.8,47.1
West Bengal,2015,11,Post-Monsoon,29.8,70.3,1015.8,1.7,41.8,43.4
West Bengal,2015,12,Winter,24.2,74.6,1023.4,3.2,48.8,44.8
West Bengal,2016,1,Winter,22.8,81.9,1027.4,4.0,30.0,39.1
West Bengal,2016,2,Winter,23.9,56.5,1012.2,4.1,32.9,61.4
West Bengal,2016,3,Pre-Monsoon,35.8,66.8,1027.2,4.5,33.0,44.0
West Bengal,2016,4,Pre-Monsoon,34.4,67.2,1004.9,3.8,53.2,84.1
West Bengal,2016,5,Pre-Monsoon,30.5,60.2,1013.8,2.0,29.9,74.9
West Bengal,2016,6,Monsoon,31.5,101.0,1006.1,4.2,86.4,136.3
West Bengal,2016,7,Monsoon,33.1,93.4,1025.9,5.0,90.9,111.9
West Bengal,2016,8,Monsoon,30.0,97.3,1024.3,5.2,73.8,135.2
West Bengal,2016,9,Monsoon,25.6,78.6,1017.8,4.5,84.1,108.6
West Bengal,2016,10,Post-Monsoon,31.1,63.5,1017.0,3.5,53.3,114.2
West Bengal,2016,11,Post-Monsoon,30.5,72.2,1002.3,2.0,32.1,89.1
West Bengal,2016,12,Winter,24.8,76.4,1013.0,2.3,38.7,63.8
West Bengal,2017,1,Winter,25.1,56.4,1011.3,2.0,27.3,59.5
West Bengal,2017,2,Winter,27.3,71.9,1020.0,3.1,30.6,50.3
West Bengal,2017,3,Pre-Monsoon,33.6,74.6,1022.8,3.7,26.9,55.1
West Bengal,2017,4,Pre-Monsoon,34.3,78.5,1019.6,2.4,16.2,32.3
West Bengal,2017,5,Pre-Monsoon,33.5,72.7,1005.3,2.5,44.5,54.1
West Bengal,2017,6,Monsoon,32.2,87.0,1021.8,4.0,59.6,82.0
West Bengal,2017,7,Monsoon,29.8,86.9,1011.5,4.8,72.4,104.2
West Bengal,2017,8,Monsoon,26.6,93.1,1012.4,6.1,60.9,63.5
West Bengal,2017,9,Monsoon,31.2,92.8,1005.9,3.0,98.1,160.0
West Bengal,2017,10,Post-Monsoon,25.0,66.3,1024.6,2.0,27.6,46.4
West Bengal,2017,11,Post-Monsoon,27.8,56.4,1020.4,0.7,38.7,74.4
West Bengal,2017,12,Winter,23.1,62.6,1021.5,3.0,25.7,73.6
West Bengal,2018,1,Winter,28.4,72.2,1006.7,2.1,39.3,68.3
West Bengal,2018,2,Winter,27.9,57.8,1002.5,2.7,27.6,43.2
West Bengal,2018,3,Pre-Monsoon,29.5,70.2,1012.6,3.2,36.0,63.2
West Bengal,2018,4,Pre-Monsoon,35.4,59.5,1016.8,0.8,22.4,22.7
West Bengal,2018,5,Pre-Monsoon,34.6,69.5,1012.9,1.4,30.5,45.7
West Bengal,2018,6,Monsoon,30.8,82.1,1022.3,2.8,62.9,124.2
West Bengal,2018,7,Monsoon,29.1,79.5,1014.5,4.0,62.5,69.9
West Bengal,2018,8,Monsoon,35.5,88.0,999.5,6.0,84.2,105.0
West Bengal,2018,9,Monsoon,28.1,95.4,1011.3,2.6,100.0,124.0
West Bengal,2018,10,Post-Monsoon,33.0,80.2,1006.0,3.5,25.2,28.6
West Bengal,2018,11,Post-Monsoon,29.2,73.2,1009.8,2.2,52.2,83.9
West Bengal,2018,12,Winter,24.3,75.6,1014.4,-0.0,41.4,80.6
West Bengal,2019,1,Winter,26.0,77.1,1008.3,2.8,11.5,78.4
West Bengal,2019,2,Winter,29.9,62.0,1007.7,1.8,36.9,55.2
West Bengal,2019,3,Pre-Monsoon,33.8,76.8,1016.7,0.7,49.9,127.5
West Bengal,2019,4,Pre-Monsoon,34.7,73.0,1014.5,3.5,63.9,91.0
West Bengal,2019,5,Pre-Monsoon,35.2,69.3,1012.1,1.0,30.7,53.8
West Bengal,2019,6,Monsoon,29.1,81.2,1009.9,4.1,76.5,95.7
West Bengal,2019,7,Monsoon,27.1,92.9,1007.4,5.6,78.4,165.9
West Bengal,2019,8,Monsoon,32.8,87.5,1009.0,5.4,82.6,144.7
West Bengal,2019,9,Monsoon,32.8,88.3,1013.2,4.5,61.0,127.4
West Bengal,2019,10,Post-Monsoon,32.8,73.6,1013.2,2.3,40.0,111.6
West Bengal,2019,11,Post-Monsoon,31.2,67.3,1015.3,3.0,19.9,69.6
West Bengal,2019,12,Winter,21.7,73.9,1017.6,3.2,29.1,86.7
West Bengal,2020,1,Winter,28.8,81.3,1012.8,2.6,51.7,71.5
West Bengal,2020,2,Winter,25.4,80.7,1019.8,2.9,12.4,64.2
West Bengal,2020,3,Pre-Monsoon,31.8,72.6,1007.3,1.5,4.0,88.8
West Bengal,2020,4,Pre-Monsoon,32.2,71.3,1013.0,1.4,16.1,39.4
West Bengal,2020,5,Pre-Monsoon,31.6,72.9,1007.4,4.2,50.4,126.5
West Bengal,2020,6,Monsoon,29.8,102.1,1011.5,4.5,77.5,172.6
West Bengal,2020,7,Monsoon,31.3,86.2,1009.3,5.1,85.7,141.3
West Bengal,2020,8,Monsoon,26.8,88.3,1017.4,6.3,57.0,108.1
West Bengal,2020,9,Monsoon,29.2,100.8,1012.8,3.6,83.4,148.2
West Bengal,2020,10,Post-Monsoon,27.6,62.9,1025.1,2.9,36.6,67.5
West Bengal,2020,11,Post-Monsoon,30.6,72.2,1015.0,2.6,48.0,99.1
West Bengal,2020,12,Winter,24.0,65.1,999.1,4.5,47.9,79.5
West Bengal,2021,1,Winter,25.4,64.9,1023.8,1.1,36.7,56.6
West Bengal,2021,2,Winter,27.7,69.2,1000.7,2.2,20.4,59.1
West Bengal,2021,3,Pre-Monsoon,35.9,56.1,1007.4,1.9,29.3,68.9
West Bengal,2021,4,Pre-Monsoon,32.7,73.3,1008.6,2.7,46.7,63.2
West Bengal,2021,5,Pre-Monsoon,34.6,70.4,1020.3,2.3,40.7,65.9
West Bengal,2021,6,Monsoon,29.8,92.1,1016.8,3.3,96.5,88.6
West Bengal,2021,7,Monsoon,28.6,89.2,1015.9,6.1,47.1,74.7
West Bengal,2021,8,Monsoon,25.7,90.3,1014.9,6.1,76.8,130.5
West Bengal,2021,9,Monsoon,31.2,86.5,1003.1,4.8,52.6,118.7
West Bengal,2021,10,Post-Monsoon,29.7,79.6,1009.6,2.8,38.1,73.5
West Bengal,2021,11,Post-Monsoon,29.1,73.1,1006.5,1.3,53.6,98.7
West Bengal,2021,12,Winter,26.1,83.3,1011.1,3.8,37.6,55.2
West Bengal,2022,1,Winter,29.7,77.9,1012.2,3.2,28.9,81.6
West Bengal,2022,2,Winter,21.2,61.8,1019.9,2.3,38.1,32.7
West Bengal,2022,3,Pre-Monsoon,36.7,79.5,1011.6,2.1,50.4,123.1
West Bengal,2022,4,Pre-Monsoon,34.9,87.4,1006.5,1.7,17.2,72.4
West Bengal,2022,5,Pre-Monsoon,33.4,68.8,1018.7,3.7,12.1,31.6
West Bengal,2022,6,Monsoon,31.6,86.3,1007.4,5.5,55.7,87.3
West Bengal,2022,7,Monsoon,30.7,85.4,1018.5,3.9,96.1,118.2
West Bengal,2022,8,Monsoon,31.3,96.0,1008.6,2.4,80.4,119.9
West Bengal,2022,9,Monsoon,31.1,88.2,1010.0,6.5,52.9,105.9
West Bengal,2022,10,Post-Monsoon,28.9,67.3,1010.8,1.7,43.6,98.7
West Bengal,2022,11,Post-Monsoon,30.9,70.8,1006.1,3.0,67.3,86.3
West Bengal,2022,12,Winter,25.2,65.5,1009.6,-0.2,41.1,51.4
West Bengal,2023,1,Winter,22.8,76.0,1005.4,2.2,57.0,60.9
West Bengal,2023,2,Winter,22.9,72.2,1021.0,0.9,41.1,79.4
West Bengal,2023,3,Pre-Monsoon,28.9,76.4,1019.1,2.2,53.8,103.9
West Bengal,2023,4,Pre-Monsoon,33.2,66.4,1006.2,2.5,43.5,65.7
West Bengal,2023,5,Pre-Monsoon,28.6,80.1,1014.3,2.1,47.9,111.1
West Bengal,2023,6,Monsoon,24.4,93.5,1003.0,5.0,76.9,129.1
West Bengal,2023,7,Monsoon,29.0,75.0,1009.8,4.9,90.2,89.8
West Bengal,2023,8,Monsoon,32.1,84.8,1015.5,4.0,77.7,124.7
West Bengal,2023,9,Monsoon,27.5,84.6,1014.3,6.9,62.1,135.5
West Bengal,2023,10,Post-Monsoon,34.0,69.2,1010.9,1.8,34.0,36.2
West Bengal,2023,11,Post-Monsoon,29.8,82.0,1008.7,2.3,9.5,60.8
West Bengal,2023,12,Winter,26.5,70.5,1011.5,2.2,42.5,71.2
West Bengal,2024,1,Winter,26.6,71.7,1020.9,3.2,37.9,95.4
West Bengal,2024,2,Winter,26.8,80.4,1017.2,0.7,54.6,87.7
West Bengal,2024,3,Pre-Monsoon,32.9,72.3,1010.6,2.7,26.1,85.5
West Bengal,2024,4,Pre-Monsoon,32.8,66.9,1006.5,2.8,37.8,75.6
West Bengal,2024,5,Pre-Monsoon,30.9,57.2,1017.4,4.0,19.6,74.8
West Bengal,2024,6,Monsoon,30.6,89.9,1010.2,3.1,89.8,106.2
West Bengal,2024,7,Monsoon,28.4,97.9,999.8,3.0,74.7,124.5
West Bengal,2024,8,Monsoon,31.0,87.6,1030.7,4.3,71.5,81.6
West Bengal,2024,9,Monsoon,30.2,94.9,1021.4,3.0,71.3,114.4
West Bengal,2024,10,Post-Monsoon,31.2,70.1,1016.8,1.7,58.4,101.9
West Bengal,2024,11,Post-Monsoon,27.3,61.4,1005.7,3.2,15.7,40.5
West Bengal,2024,12,Winter,26.9,69.5,1014.8,1.4,43.9,58.6
Odisha,2010,1,Winter,26.4,74.9,1013.7,2.5,23.7,52.5
Odisha,2010,2,Winter,27.0,62.0,1009.8,2.9,15.8,69.1
Odisha,2010,3,Pre-Monsoon,36.5,63.0,1022.5,2.4,41.3,51.9
Odisha,2010,4,Pre-Monsoon,35.8,76.2,1007.3,1.3,13.1,57.1
Odisha,2010,5,Pre-Monsoon,35.1,78.2,1012.2,1.3,24.8,84.9
Odisha,2010,6,Monsoon,30.0,94.1,1005.5,4.8,68.1,129.7
Odisha,2010,7,Monsoon,32.5,89.0,1012.1,3.9,53.7,74.4
Odisha,2010,8,Monsoon,31.4,95.6,1014.0,4.2,89.0,124.2
Odisha,2010,9,Monsoon,32.4,78.8,985.5,4.8,53.6,91.7
Odisha,2010,10,Post-Monsoon,30.4,85.7,1015.8,2.7,47.6,90.5
Odisha,2010,11,Post-Monsoon,30.1,81.6,1005.2,2.8,11.8,60.4
Odisha,2010,12,Winter,27.4,86.4,1002.0,1.9,47.3,95.6
Odisha,2011,1,Winter,27.4,65.4,1008.9,3.7,34.2,70.6
Odisha,2011,2,Winter,26.8,63.5,1019.5,3.0,69.6,65.7
Odisha,2011,3,Pre-Monsoon,35.6,62.5,1014.1,3.5,3.9,30.9
Odisha,2011,4,Pre-Monsoon,32.9,67.4,1015.7,3.6,33.0,64.7
Odisha,2011,5,Pre-Monsoon,34.2,73.0,1005.4,3.6,39.4,81.1
Odisha,2011,6,Monsoon,29.4,89.3,1011.8,3.0,49.7,76.6
Odisha,2011,7,Monsoon,32.0,87.8,1005.9,3.7,68.2,97.8
Odisha,2011,8,Monsoon,35.3,101.4,1020.2,5.7,60.0,76.4
Odisha,2011,9,Monsoon,28.8,103.7,1009.2,3.2,68.5,108.6
Odisha,2011,10,Post-Monsoon,31.5,75.0,1007.2,3.2,25.4,59.3
Odisha,2011,11,Post-Monsoon,32.4,67.9,1009.0,3.1,22.1,47.1
Odisha,2011,12,Winter,28.1,89.4,1017.2,3.0,43.0,59.7
Odisha,2012,1,Winter,27.2,72.8,1015.3,2.6,40.7,63.9
Odisha,2012,2,Winter,27.1,63.2,1010.8,3.9,39.8,65.0
Odisha,2012,3,Pre-Monsoon,37.8,62.1,1005.2,4.2,35.7,58.9
Odisha,2012,4,Pre-Monsoon,31.6,76.6,1016.8,1.4,32.9,58.8
Odisha,2012,5,Pre-Monsoon,34.5,64.0,1021.8,3.4,29.6,49.0
Odisha,2012,6,Monsoon,30.7,86.8,1009.9,4.2,99.2,146.4
Odisha,2012,7,Monsoon,32.9,96.0,1005.2,4.5,89.6,102.0
Odisha,2012,8,Monsoon,32.3,111.6,1020.4,5.9,78.3,140.8
Odisha,2012,9,Monsoon,29.6,99.4,1017.6,4.8,94.7,117.6
Odisha,2012,10,Post-Monsoon,30.6,73.8,1005.8,2.7,9.2,70.3
Odisha,2012,11,Post-Monsoon,31.1,68.8,1007.2,2.3,45.3,85.6
Odisha,2012,12,Winter,25.6,66.2,1017.6,1.8,35.9,63.9
Odisha,2013,1,Winter,27.6,79.9,1004.2,0.6,26.5,103.5
Odisha,2013,2,Winter,31.0,87.6,1011.6,0.7,0.0,35.6
Odisha,2013,3,Pre-Monsoon,33.6,83.4,1019.1,2.7,21.7,40.5
Odisha,2013,4,Pre-Monsoon,34.5,78.6,1015.7,1.5,44.8,85.2
Odisha,2013,5,Pre-Monsoon,31.9,66.7,1017.8,2.3,58.8,90.0
Odisha,2013,6,Monsoon,30.0,92.9,1013.4,3.8,61.3,113.5
Odisha,2013,7,Monsoon,32.7,97.8,1023.6,4.0,100.0,111.2
Odisha,2013,8,Monsoon,29.0,78.9,1009.9,4.0,82.9,114.6
Odisha,2013,9,Monsoon,28.6,89.9,1010.4,2.7,60.3,82.6
Odisha,2013,10,Post-Monsoon,33.9,74.5,1017.6,1.0,52.9,106.0
Odisha,2013,11,Post-Monsoon,27.0,67.4,1016.5,3.1,24.8,47.6
Odisha,2013,12,Winter,25.8,73.9,1021.4,1.7,50.0,60.2
Odisha,2014,1,Winter,25.3,79.5,1019.5,3.4,15.3,30.0
Odisha,2014,2,Winter,28.6,73.3,1005.5,3.0,24.3,68.0
Odisha,2014,3,Pre-Monsoon,37.1,77.8,1022.5,2.6,46.5,73.1
Odisha,2014,4,Pre-Monsoon,34.5,71.0,1001.1,2.4,47.4,69.3
Odisha,2014,5,Pre-Monsoon,35.0,68.7,999.2,2.0,30.4,41.7
Odisha,2014,6,Monsoon,32.2,108.9,1013.9,4.3,71.1,83.4
Odisha,2014,7,Monsoon,29.3,94.0,1016.2,4.7,81.9,86.9
Odisha,2014,8,Monsoon,27.5,98.1,1008.3,3.4,58.4,77.7
Odisha,2014,9,Monsoon,30.6,79.5,1016.3,3.1,77.1,75.3
Odisha,2014,10,Post-Monsoon,32.8,87.3,1003.4,2.4,30.9,59.0
Odisha,2014,11,Post-Monsoon,31.4,70.2,1009.9,1.4,49.8,61.0
Odisha,2014,12,Winter,28.8,70.5,1008.4,1.4,40.4,35.3
Odisha,2015,1,Winter,30.7,62.5,1014.9,4.1,44.0,49.2
Odisha,2015,2,Winter,25.1,61.9,1018.4,4.0,28.4,20.8
Odisha,2015,3,Pre-Monsoon,29.1,65.2,1012.2,4.1,45.1,53.5
Odisha,2015,4,Pre-Monsoon,33.2,68.3,1022.8,2.7,3.5,14.8
Odisha,2015,5,Pre-Monsoon,32.3,68.6,1016.9,2.4,33.8,61.4
Odisha,2015,6,Monsoon,29.6,107.9,1008.3,4.6,70.8,84.4
Odisha,2015,7,Monsoon,31.9,96.5,1007.7,3.4,100.0,87.6
Odisha,2015,8,Monsoon,32.4,80.1,1011.0,4.4,82.1,38.4
Odisha,2015,9,Monsoon,31.3,83.8,1015.3,3.5,62.2,61.9
Odisha,2015,10,Post-Monsoon,28.9,69.2,1004.6,0.7,50.3,37.8
Odisha,2015,11,Post-Monsoon,30.6,79.0,1008.7,1.7,38.4,67.9
Odisha,2015,12,Winter,24.7,71.8,1000.9,2.1,35.5,37.8
Odisha,2016,1,Winter,26.1,61.7,1013.5,3.6,18.5,34.0
Odisha,2016,2,Winter,28.0,82.7,1002.5,2.3,39.2,78.0
Odisha,2016,3,Pre-Monsoon,29.0,77.0,1023.6,2.6,19.5,42.1
Odisha,2016,4,Pre-Monsoon,37.5,80.3,1017.5,2.9,25.1,57.2
Odisha,2016,5,Pre-Monsoon,33.8,77.4,1023.6,3.6,13.7,52.5
Odisha,2016,6,Monsoon,32.5,98.0,1008.6,7.4,55.8,78.3
Odisha,2016,7,Monsoon,31.5,109.9,1007.1,4.2,91.2,135.7
Odisha,2016,8,Monsoon,30.3,97.5,1014.9,5.5,94.4,134.2
Odisha,2016,9,Monsoon,31.6,94.7,1016.4,4.6,75.0,134.2
Odisha,2016,10,Post-Monsoon,34.0,60.9,1013.1,1.8,30.3,63.7
Odisha,2016,11,Post-Monsoon,32.3,72.1,999.6,1.5,48.4,27.4
Odisha,2016,12,Winter,29.4,77.2,1022.2,2.3,4.1,49.3
Odisha,2017,1,Winter,29.5,80.4,1008.4,2.6,27.0,50.1
Odisha,2017,2,Winter,28.9,63.4,1006.7,1.4,12.6,48.4
Odisha,2017,3,Pre-Monsoon,36.3,71.5,1002.5,3.3,60.3,77.2
Odisha,2017,4,Pre-Monsoon,33.0,77.1,1024.4,2.0,15.0,61.2
Odisha,2017,5,Pre-Monsoon,35.6,73.0,1009.1,3.5,42.9,59.2
Odisha,2017,6,Monsoon,31.1,82.2,1017.8,4.2,68.5,96.3
Odisha,2017,7,Monsoon,31.1,100.2,1017.1,4.3,86.5,130.4
Odisha,2017,8,Monsoon,30.1,92.0,1012.0,5.0,69.5,98.2
Odisha,2017,9,Monsoon,34.9,100.5,1007.7,5.1,76.8,126.5
Odisha,2017,10,Post-Monsoon,31.3,82.5,1015.4,2.4,50.6,88.5
Odisha,2017,11,Post-Monsoon,31.2,75.5,1012.3,2.5,26.2,46.3
Odisha,2017,12,Winter,25.0,61.9,1006.8,2.3,36.5,58.2
Odisha,2018,1,Winter,22.3,85.6,1020.6,2.9,63.6,74.5
Odisha,2018,2,Winter,30.8,65.3,1014.7,1.2,35.2,69.2
Odisha,2018,3,Pre-Monsoon,33.7,78.7,1013.7,2.0,26.5,79.2
Odisha,2018,4,Pre-Monsoon,32.7,80.3,1021.6,0.8,52.0,122.4
Odisha,2018,5,Pre-Monsoon,34.5,77.8,1020.3,2.2,37.7,42.5
Odisha,2018,6,Monsoon,31.3,97.0,1016.6,5.6,63.4,91.6
Odisha,2018,7,Monsoon,34.8,91.8,1014.4,4.4,62.7,131.9
Odisha,2018,8,Monsoon,29.9,84.0,1009.8,2.5,65.2,79.3
Odisha,2018,9,Monsoon,32.2,87.6,1019.2,5.9,86.7,109.9
Odisha,2018,10,Post-Monsoon,31.3,60.8,1012.1,1.6,45.4,119.4
Odisha,2018,11,Post-Monsoon,32.0,57.1,1010.5,2.6,36.3,44.5
Odisha,2018,12,Winter,27.5,63.1,1006.4,3.1,19.8,61.9
Odisha,2019,1,Winter,24.3,87.1,1007.6,2.3,40.0,90.9
Odisha,2019,2,Winter,27.3,77.6,1019.7,3.3,32.4,80.2
Odisha,2019,3,Pre-Monsoon,38.7,80.6,1006.5,2.6,30.0,87.1
Odisha,2019,4,Pre-Monsoon,31.5,69.7,1025.7,3.1,0.0,72.7
Odisha,2019,5,Pre-Monsoon,36.2,70.1,1018.0,1.6,27.9,113.4
Odisha,2019,6,Monsoon,30.5,78.0,1012.6,4.4,93.0,151.4
Odisha,2019,7,Monsoon,30.2,101.4,1013.8,3.7,92.3,172.9
Odisha,2019,8,Monsoon,31.0,94.4,1005.5,4.0,75.1,143.8
Odisha,2019,9,Monsoon,33.5,94.7,1019.0,4.5,90.8,168.8
Odisha,2019,10,Post-Monsoon,31.0,72.9,1006.3,3.0,34.4,76.3
Odisha,2019,11,Post-Monsoon,33.2,63.0,1010.0,3.5,39.7,84.0
Odisha,2019,12,Winter,27.5,74.4,1002.4,2.2,59.2,101.3
Odisha,2020,1,Winter,26.4,68.7,1012.4,1.9,42.3,96.2
Odisha,2020,2,Winter,28.5,64.6,1010.6,2.3,41.8,67.7
Odisha,2020,3,Pre-Monsoon,35.8,82.5,1006.1,2.0,27.0,157.7
Odisha,2020,4,Pre-Monsoon,33.1,86.4,1004.1,1.5,24.7,69.0
Odisha,2020,5,Pre-Monsoon,33.5,67.3,1007.3,3.7,53.4,128.9
Odisha,2020,6,Monsoon,32.0,93.7,1009.5,3.5,80.4,121.3
Odisha,2020,7,Monsoon,29.0,102.2,1026.3,4.9,91.6,154.9
Odisha,2020,8,Monsoon,28.3,97.9,1017.0,4.6,71.4,166.8
Odisha,2020,9,Monsoon,29.0,86.8,1005.9,4.6,58.7,107.9
Odisha,2020,10,Post-Monsoon,29.6,70.9,1002.6,2.6,53.7,113.3
Odisha,2020,11,Post-Monsoon,34.1,83.7,1018.4,2.6,35.3,112.3
Odisha,2020,12,Winter,26.2,57.9,1016.4,1.4,20.6,58.0
Odisha,2021,1,Winter,26.8,61.7,1014.2,3.5,18.1,71.3
Odisha,2021,2,Winter,23.9,89.9,1010.1,2.6,6.6,54.0
Odisha,2021,3,Pre-Monsoon,34.5,72.3,1009.1,1.6,52.0,81.9
Odisha,2021,4,Pre-Monsoon,37.1,68.8,1010.0,3.3,10.7,21.5
Odisha,2021,5,Pre-Monsoon,36.2,63.6,1000.3,4.4,14.1,53.0
Odisha,2021,6,Monsoon,31.1,70.5,1011.1,4.9,80.3,120.2
Odisha,2021,7,Monsoon,30.2,98.7,1008.2,3.1,55.5,71.1
Odisha,2021,8,Monsoon,33.0,80.9,1014.9,4.2,73.5,128.6
Odisha,2021,9,Monsoon,30.1,97.9,1013.3,4.3,100.0,104.6
Odisha,2021,10,Post-Monsoon,33.6,78.3,1009.6,4.1,7.3,38.5
Odisha,2021,11,Post-Monsoon,28.6,76.3,1005.2,2.9,32.2,59.9
Odisha,2021,12,Winter,27.8,70.9,1005.4,5.3,27.7,18.2
Odisha,2022,1,Winter,25.3,62.9,1018.8,2.8,41.0,55.6
Odisha,2022,2,Winter,26.4,70.0,1012.4,3.3,40.0,79.1
Odisha,2022,3,Pre-Monsoon,35.0,80.1,1015.0,2.9,52.8,71.0
Odisha,2022,4,Pre-Monsoon,32.3,63.5,1014.3,0.6,41.9,63.8
Odisha,2022,5,Pre-Monsoon,36.3,67.6,1011.6,3.6,55.7,66.9
Odisha,2022,6,Monsoon,31.4,95.4,1015.6,4.2,94.2,88.5
Odisha,2022,7,Monsoon,30.2,96.6,1016.2,5.9,93.0,120.1
Odisha,2022,8,Monsoon,33.6,87.3,1019.5,6.3,93.2,121.3
Odisha,2022,9,Monsoon,30.3,80.8,1015.2,3.4,63.1,69.1
Odisha,2022,10,Post-Monsoon,30.1,72.8,1014.9,1.9,51.0,74.4
Odisha,2022,11,Post-Monsoon,29.4,74.8,1026.7,2.8,29.6,27.3
Odisha,2022,12,Winter,26.6,74.9,1010.3,0.8,22.2,87.7
Odisha,2023,1,Winter,29.9,65.9,1017.7,1.3,56.1,82.2
Odisha,2023,2,Winter,28.9,59.3,1017.7,2.5,47.8,85.0
Odisha,2023,3,Pre-Monsoon,34.1,68.2,1018.5,2.4,21.9,32.7
Odisha,2023,4,Pre-Monsoon,31.0,68.9,1020.7,2.7,27.1,70.8
Odisha,2023,5,Pre-Monsoon,32.3,73.8,1011.7,3.3,11.3,31.6
Odisha,2023,6,Monsoon,27.7,90.9,1021.5,4.0,67.3,117.3
Odisha,2023,7,Monsoon,33.1,92.3,1017.8,3.4,95.7,167.8
Odisha,2023,8,Monsoon,32.0,76.3,1009.1,5.1,68.7,122.5
Odisha,2023,9,Monsoon,32.2,87.3,1013.2,3.6,72.3,93.8
Odisha,2023,10,Post-Monsoon,33.3,89.9,1003.0,0.6,31.3,47.5
Odisha,2023,11,Post-Monsoon,31.1,79.0,1023.5,2.7,32.1,24.1
Odisha,2023,12,Winter,27.1,73.6,1017.5,1.8,28.5,30.4
Odisha,2024,1,Winter,22.4,64.1,1002.0,2.8,27.2,48.7
Odisha,2024,2,Winter,25.0,47.1,1023.6,1.5,28.8,12.8
Odisha,2024,3,Pre-Monsoon,35.9,74.1,1007.2,2.1,60.2,88.3
Odisha,2024,4,Pre-Monsoon,33.6,65.5,999.7,2.3,39.9,93.3
Odisha,2024,5,Pre-Monsoon,29.5,64.0,1008.9,2.5,32.8,58.7
Odisha,2024,6,Monsoon,31.8,85.8,1019.5,4.9,70.2,131.8
Odisha,2024,7,Monsoon,34.1,100.5,991.9,6.1,86.9,173.2
Odisha,2024,8,Monsoon,33.5,105.6,1019.2,5.8,100.0,140.0
Odisha,2024,9,Monsoon,27.9,90.5,1015.7,4.6,56.3,60.5
Odisha,2024,10,Post-Monsoon,29.5,79.5,1024.1,3.4,50.9,77.1
Odisha,2024,11,Post-Monsoon,27.5,69.4,1011.2,2.0,35.8,74.6
Odisha,2024,12,Winter,28.7,70.8,999.7,2.0,35.7,95.6
Telangana,2010,1,Winter,24.9,59.1,1015.0,2.5,49.0,55.4
Telangana,2010,2,Winter,24.8,54.9,1008.5,3.0,24.3,53.5
Telangana,2010,3,Pre-Monsoon,32.8,56.7,1009.8,2.2,36.4,63.3
Telangana,2010,4,Pre-Monsoon,33.0,68.6,1006.1,2.4,11.4,55.3
Telangana,2010,5,Pre-Monsoon,30.8,52.8,1010.4,2.8,26.7,37.0
Telangana,2010,6,Monsoon,32.9,77.3,1009.1,4.2,99.7,117.8
Telangana,2010,7,Monsoon,28.6,69.5,1009.2,3.9,55.8,60.2
Telangana,2010,8,Monsoon,28.3,79.7,1010.3,4.3,94.1,144.8
Telangana,2010,9,Monsoon,29.4,70.0,1006.9,5.2,71.9,89.0
Telangana,2010,10,Post-Monsoon,28.4,48.8,1015.2,1.2,49.9,52.5
Telangana,2010,11,Post-Monsoon,29.7,44.3,1012.9,2.2,34.2,78.3
Telangana,2010,12,Winter,26.4,48.6,1008.0,3.1,54.5,75.2
Telangana,2011,1,Winter,27.4,59.9,1022.9,0.6,45.0,82.4
Telangana,2011,2,Winter,23.3,47.9,1007.0,1.8,27.8,53.0
Telangana,2011,3,Pre-Monsoon,34.7,63.7,1007.1,1.7,54.7,92.1
Telangana,2011,4,Pre-Monsoon,33.2,58.8,1012.8,3.0,30.0,59.5
Telangana,2011,5,Pre-Monsoon,30.0,49.5,1008.3,2.1,21.1,32.6
Telangana,2011,6,Monsoon,27.0,79.4,1012.4,2.8,62.5,99.4
Telangana,2011,7,Monsoon,28.9,69.4,1012.5,4.8,53.5,90.4
Telangana,2011,8,Monsoon,28.4,74.9,1012.8,4.0,59.6,81.8
Telangana,2011,9,Monsoon,33.3,64.1,1024.8,4.2,75.5,67.2
Telangana,2011,10,Post-Monsoon,28.5,51.0,1005.7,2.3,28.9,88.4
Telangana,2011,11,Post-Monsoon,27.7,55.8,1014.7,1.4,45.3,55.9
Telangana,2011,12,Winter,21.0,60.3,1005.2,1.5,45.3,63.4
Telangana,2012,1,Winter,27.8,64.7,1008.5,3.3,23.7,99.0
Telangana,2012,2,Winter,24.6,63.2,1018.9,2.8,24.9,47.3
Telangana,2012,3,Pre-Monsoon,28.7,56.8,1015.4,2.6,0.0,2.6
Telangana,2012,4,Pre-Monsoon,31.5,57.3,1015.0,2.3,44.5,43.5
Telangana,2012,5,Pre-Monsoon,34.2,58.8,1015.6,2.3,62.5,88.9
Telangana,2012,6,Monsoon,28.1,77.0,1018.3,3.9,91.3,119.6
Telangana,2012,7,Monsoon,25.3,77.4,1010.2,5.0,89.2,117.6
Telangana,2012,8,Monsoon,33.3,73.6,1017.4,5.3,73.5,111.6
Telangana,2012,9,Monsoon,28.8,71.6,1003.8,4.7,79.9,128.9
Telangana,2012,10,Post-Monsoon,31.6,52.7,1004.8,2.9,51.7,86.2
Telangana,2012,11,Post-Monsoon,32.2,53.3,1009.7,1.8,34.2,53.8
Telangana,2012,12,Winter,26.4,54.0,1012.1,1.7,49.1,68.4
Telangana,2013,1,Winter,25.7,49.0,1003.7,3.8,43.3,30.1
Telangana,2013,2,Winter,27.5,62.4,1013.9,4.1,38.3,34.1
Telangana,2013,3,Pre-Monsoon,33.7,57.0,1008.8,3.1,10.0,58.5
Telangana,2013,4,Pre-Monsoon,31.2,47.1,1012.2,2.9,37.5,38.5
Telangana,2013,5,Pre-Monsoon,32.0,45.9,1011.4,3.6,34.9,68.1
Telangana,2013,6,Monsoon,32.9,70.3,1011.7,6.7,96.7,81.4
Telangana,2013,7,Monsoon,30.8,75.0,1018.8,3.8,62.4,73.9
Telangana,2013,8,Monsoon,28.9,81.5,1004.7,3.9,48.2,105.7
Telangana,2013,9,Monsoon,32.5,72.4,1010.9,5.0,97.1,124.9
Telangana,2013,10,Post-Monsoon,28.6,42.0,1005.2,2.6,25.2,47.2
Telangana,2013,11,Post-Monsoon,28.9,46.5,1004.8,4.1,48.3,99.3
Telangana,2013,12,Winter,27.1,51.6,1022.3,2.5,38.3,51.8
Telangana,2014,1,Winter,20.1,67.8,1016.4,2.8,34.1,45.3
Telangana,2014,2,Winter,24.8,59.9,1003.9,2.7,43.4,45.6
Telangana,2014,3,Pre-Monsoon,33.7,47.1,1006.2,2.7,45.2,17.1
Telangana,2014,4,Pre-Monsoon,34.0,50.7,1011.7,1.2,22.2,44.0
Telangana,2014,5,Pre-Monsoon,33.1,51.9,1012.2,3.0,41.6,40.7
Telangana,2014,6,Monsoon,32.2,82.8,1015.9,4.6,84.9,82.2
Telangana,2014,7,Monsoon,32.1,82.2,1005.9,3.4,64.5,82.7
Telangana,2014,8,Monsoon,26.8,78.2,1015.5,5.7,77.7,53.2
Telangana,2014,9,Monsoon,28.1,65.5,1009.2,4.3,57.5,77.7
Telangana,2014,10,Post-Monsoon,27.3,65.8,1021.3,3.4,24.6,40.2
Telangana,2014,11,Post-Monsoon,27.4,62.3,1012.5,2.1,16.6,0.0
Telangana,2014,12,Winter,23.9,63.9,1010.2,2.3,44.8,74.4
Telangana,2015,1,Winter,28.7,47.2,999.4,4.9,69.0,61.3
Telangana,2015,2,Winter,23.5,62.7,1012.2,2.4,48.4,54.7
Telangana,2015,3,Pre-Monsoon,30.6,52.4,1017.6,3.0,38.9,51.9
Telangana,2015,4,Pre-Monsoon,32.3,56.4,989.4,2.1,46.5,47.2
Telangana,2015,5,Pre-Monsoon,32.1,46.7,1020.0,3.0,47.4,16.4
Telangana,2015,6,Monsoon,29.7,72.8,1011.0,3.9,69.8,78.5
Telangana,2015,7,Monsoon,26.2,89.2,1016.4,4.5,88.6,62.2
Telangana,2015,8,Monsoon,28.7,74.0,1022.6,4.5,81.8,62.3
Telangana,2015,9,Monsoon,31.0,88.4,1020.0,4.4,85.1,87.3
Telangana,2015,10,Post-Monsoon,31.0,63.9,1020.7,2.4,44.6,40.7
Telangana,2015,11,Post-Monsoon,28.2,52.8,1012.5,0.8,47.9,6.8
Telangana,2015,12,Winter,31.4,67.0,1011.2,2.5,39.5,38.9
Telangana,2016,1,Winter,26.4,53.8,1012.3,2.7,15.3,40.4
Telangana,2016,2,Winter,26.3,56.0,1011.5,3.6,29.7,57.3
Telangana,2016,3,Pre-Monsoon,35.6,54.4,1014.5,2.4,53.6,64.5
Telangana,2016,4,Pre-Monsoon,35.6,54.2,1007.0,3.2,30.4,66.5
Telangana,2016,5,Pre-Monsoon,27.5,55.0,1009.8,1.4,26.7,39.0
Telangana,2016,6,Monsoon,29.9,64.1,1015.2,5.9,79.2,111.9
Telangana,2016,7,Monsoon,32.2,84.9,1026.1,4.0,64.2,107.5
Telangana,2016,8,Monsoon,31.4,81.2,1026.2,4.5,81.4,83.7
Telangana,2016,9,Monsoon,34.3,72.3,1010.8,4.2,65.3,76.7
Telangana,2016,10,Post-Monsoon,29.0,44.1,1007.5,4.4,46.0,78.8
Telangana,2016,11,Post-Monsoon,32.4,69.7,1000.6,1.3,22.9,50.5
Telangana,2016,12,Winter,25.4,51.4,1014.5,2.5,24.2,0.9
Telangana,2017,1,Winter,24.0,50.6,1011.3,1.4,27.6,25.3
Telangana,2017,2,Winter,25.7,46.4,1007.1,1.2,32.7,33.9
Telangana,2017,3,Pre-Monsoon,34.8,58.2,1012.5,1.7,40.7,76.3
Telangana,2017,4,Pre-Monsoon,33.3,67.8,1016.2,3.4,37.0,77.3
Telangana,2017,5,Pre-Monsoon,31.4,51.3,1015.4,2.8,42.6,80.7
Telangana,2017,6,Monsoon,27.2,67.2,1014.6,3.8,100.0,124.8
Telangana,2017,7,Monsoon,29.8,70.9,1009.6,4.5,76.7,90.9
Telangana,2017,8,Monsoon,29.5,85.8,1022.7,4.8,54.9,97.1
Telangana,2017,9,Monsoon,33.1,86.0,1018.1,5.9,75.8,117.5
Telangana,2017,10,Post-Monsoon,28.6,57.3,1022.3,1.9,22.1,45.1
Telangana,2017,11,Post-Monsoon,29.5,60.2,1009.8,4.2,15.7,69.8
Telangana,2017,12,Winter,24.5,40.6,1014.7,2.2,18.4,0.0
Telangana,2018,1,Winter,26.0,62.8,1017.1,2.6,42.2,64.0
Telangana,2018,2,Winter,23.1,43.6,1011.6,2.3,47.8,74.9
Telangana,2018,3,Pre-Monsoon,34.2,52.8,1003.3,2.9,42.9,16.9
Telangana,2018,4,Pre-Monsoon,31.3,49.5,1013.8,1.7,34.4,47.5
Telangana,2018,5,Pre-Monsoon,32.7,49.3,1008.5,1.4,40.7,70.1
Telangana,2018,6,Monsoon,28.5,87.2,1010.8,6.0,65.4,59.7
Telangana,2018,7,Monsoon,30.8,77.0,1013.2,3.9,74.5,90.3
Telangana,2018,8,Monsoon,29.4,81.7,1014.3,5.1,71.5,93.7
Telangana,2018,9,Monsoon,27.7,72.0,989.8,3.9,73.8,117.6
Telangana,2018,10,Post-Monsoon,29.5,57.8,997.7,2.4,9.8,19.3
Telangana,2018,11,Post-Monsoon,29.6,65.2,1015.6,2.5,34.7,46.4
Telangana,2018,12,Winter,24.9,58.4,1003.3,3.1,29.2,73.6
Telangana,2019,1,Winter,27.9,41.6,1008.9,1.6,7.8,9.1
Telangana,2019,2,Winter,30.9,59.9,1026.4,3.3,23.9,47.9
Telangana,2019,3,Pre-Monsoon,34.2,58.5,1009.0,1.0,84.3,125.0
Telangana,2019,4,Pre-Monsoon,32.3,55.9,1011.3,2.6,54.3,91.0
Telangana,2019,5,Pre-Monsoon,30.7,53.7,1009.7,3.9,52.6,94.3
Telangana,2019,6,Monsoon,27.4,65.2,1013.1,4.8,69.4,103.7
Telangana,2019,7,Monsoon,28.8,74.8,996.3,3.4,65.6,159.9
Telangana,2019,8,Monsoon,28.4,76.4,1014.6,5.8,93.9,148.2
Telangana,2019,9,Monsoon,29.0,69.7,1011.3,4.1,83.3,146.0
Telangana,2019,10,Post-Monsoon,31.2,65.1,1026.0,2.6,51.5,81.6
Telangana,2019,11,Post-Monsoon,32.4,63.5,1020.1,2.6,25.0,28.8
Telangana,2019,12,Winter,25.9,67.3,1010.8,3.3,47.7,89.0
Telangana,2020,1,Winter,28.6,31.7,1004.4,1.6,22.7,54.8
Telangana,2020,2,Winter,26.6,58.2,1017.2,1.5,16.7,64.1
Telangana,2020,3,Pre-Monsoon,31.7,42.4,1019.8,3.9,58.4,88.4
Telangana,2020,4,Pre-Monsoon,34.3,66.0,1008.5,3.6,39.1,111.5
Telangana,2020,5,Pre-Monsoon,33.4,65.4,1014.6,1.0,56.8,77.8
Telangana,2020,6,Monsoon,32.5,74.3,1021.2,5.6,81.5,144.8
Telangana,2020,7,Monsoon,30.8,58.9,1013.8,3.4,77.6,89.7
Telangana,2020,8,Monsoon,27.6,87.8,1020.5,4.5,77.8,132.3
Telangana,2020,9,Monsoon,31.1,69.6,1020.0,4.2,68.7,115.9
Telangana,2020,10,Post-Monsoon,28.8,57.6,1009.2,3.0,53.2,76.8
Telangana,2020,11,Post-Monsoon,29.7,58.7,1009.9,3.0,43.3,113.8
Telangana,2020,12,Winter,24.8,47.5,1010.8,1.5,43.5,46.4
Telangana,2021,1,Winter,30.7,65.4,1013.1,3.4,10.4,92.8
Telangana,2021,2,Winter,24.8,54.0,1000.0,3.0,18.4,49.2
Telangana,2021,3,Pre-Monsoon,31.9,46.4,1007.4,2.7,15.8,22.5
Telangana,2021,4,Pre-Monsoon,34.3,75.8,1016.3,1.6,29.5,63.2
Telangana,2021,5,Pre-Monsoon,32.3,62.2,1014.5,3.4,30.3,82.3
Telangana,2021,6,Monsoon,29.7,67.2,1028.2,2.7,63.9,67.6
Telangana,2021,7,Monsoon,35.0,89.5,1023.5,4.2,100.0,131.7
Telangana,2021,8,Monsoon,32.0,76.4,1012.7,4.2,71.9,110.5
Telangana,2021,9,Monsoon,30.7,74.7,1023.6,1.5,82.6,115.9
Telangana,2021,10,Post-Monsoon,32.3,54.5,1014.5,3.5,57.4,66.8
Telangana,2021,11,Post-Monsoon,30.5,68.4,998.1,1.8,57.0,109.2
Telangana,2021,12,Winter,27.0,51.4,1006.8,1.9,58.2,62.1
Telangana,2022,1,Winter,26.2,49.0,1018.9,2.0,33.5,15.0
Telangana,2022,2,Winter,22.8,55.1,1003.7,4.6,4.1,18.8
Telangana,2022,3,Pre-Monsoon,33.0,52.1,1005.3,1.5,20.1,39.5
Telangana,2022,4,Pre-Monsoon,36.9,55.6,1021.3,3.0,51.7,10.2
Telangana,2022,5,Pre-Monsoon,32.4,65.5,1009.0,4.3,57.3,72.1
Telangana,2022,6,Monsoon,29.0,66.9,1008.6,3.3,81.4,72.7
Telangana,2022,7,Monsoon,31.2,80.0,1001.4,6.0,82.7,128.6
Telangana,2022,8,Monsoon,28.5,80.0,1020.9,4.4,100.0,120.5
Telangana,2022,9,Monsoon,32.3,77.3,1017.1,2.8,80.6,89.3
Telangana,2022,10,Post-Monsoon,28.3,69.0,1011.5,1.5,29.6,34.5
Telangana,2022,11,Post-Monsoon,32.9,49.4,1016.7,3.9,27.5,55.6
Telangana,2022,12,Winter,23.9,74.6,1019.6,2.3,23.4,53.4
Telangana,2023,1,Winter,25.3,70.6,1004.4,2.6,34.7,66.0
Telangana,2023,2,Winter,25.8,54.1,1019.1,3.1,41.3,0.0
Telangana,2023,3,Pre-Monsoon,33.6,41.8,1017.5,4.0,21.1,29.7
Telangana,2023,4,Pre-Monsoon,31.8,64.9,1013.7,4.2,41.2,71.3
Telangana,2023,5,Pre-Monsoon,33.1,61.5,1000.8,2.6,33.9,78.3
Telangana,2023,6,Monsoon,29.6,66.7,1013.1,3.4,46.1,86.2
Telangana,2023,7,Monsoon,31.2,78.7,1022.1,3.8,53.5,79.8
Telangana,2023,8,Monsoon,29.3,68.3,1012.4,3.9,47.5,65.1
Telangana,2023,9,Monsoon,27.7,76.9,1008.4,5.6,99.1,135.6
Telangana,2023,10,Post-Monsoon,26.9,67.0,1024.0,2.5,54.8,63.5
Telangana,2023,11,Post-Monsoon,26.3,48.9,1025.1,1.0,35.0,48.0
Telangana,2023,12,Winter,25.0,51.5,1013.5,1.9,13.7,40.7
Telangana,2024,1,Winter,28.1,62.0,1007.3,1.2,30.7,90.2
Telangana,2024,2,Winter,27.3,60.6,1019.2,2.9,36.8,71.4
Telangana,2024,3,Pre-Monsoon,31.9,43.7,1018.1,3.7,18.2,50.0
Telangana,2024,4,Pre-Monsoon,36.4,55.0,1007.3,2.6,26.7,39.1
Telangana,2024,5,Pre-Monsoon,33.9,42.2,1002.9,2.5,34.7,58.7
Telangana,2024,6,Monsoon,33.8,75.8,1017.2,3.5,86.5,97.3
Telangana,2024,7,Monsoon,30.1,74.1,1020.2,3.2,40.8,64.7
Telangana,2024,8,Monsoon,30.9,76.2,1021.6,4.9,66.5,43.8
Telangana,2024,9,Monsoon,29.5,83.2,1010.3,4.5,81.3,90.6
Telangana,2024,10,Post-Monsoon,31.2,68.1,1011.8,1.4,34.0,18.9
Telangana,2024,11,Post-Monsoon,30.7,58.6,1024.7,2.3,41.1,41.0
Telangana,2024,12,Winter,25.3,42.8,1011.6,2.2,39.5,40.1
Andhra Pradesh,2010,1,Winter,27.2,62.3,1010.7,2.6,35.6,76.8
Andhra Pradesh,2010,2,Winter,26.8,62.2,1011.7,1.8,29.6,96.9
Andhra Pradesh,2010,3,Pre-Monsoon,32.2,62.8,1010.3,2.3,30.0,63.2
Andhra Pradesh,2010,4,Pre-Monsoon,30.6,73.3,1017.4,1.3,1.0,18.2
Andhra Pradesh,2010,5,Pre-Monsoon,33.5,85.6,1016.8,0.7,24.7,63.3
Andhra Pradesh,2010,6,Monsoon,31.5,74.5,1012.1,3.8,58.4,91.8
Andhra Pradesh,2010,7,Monsoon,32.5,91.7,1017.0,4.0,85.7,123.0
Andhra Pradesh,2010,8,Monsoon,31.3,80.1,1009.5,4.6,100.0,130.3
Andhra Pradesh,2010,9,Monsoon,29.8,78.3,1009.6,6.7,69.0,116.5
Andhra Pradesh,2010,10,Post-Monsoon,30.2,67.1,1018.5,1.9,25.4,86.3
Andhra Pradesh,2010,11,Post-Monsoon,33.0,71.3,1018.5,3.0,65.3,88.5
Andhra Pradesh,2010,12,Winter,28.2,53.4,1007.2,1.3,54.1,21.4
Andhra Pradesh,2011,1,Winter,26.2,41.1,1007.2,2.0,55.8,74.3
Andhra Pradesh,2011,2,Winter,25.3,73.5,1013.1,2.5,17.0,32.6
Andhra Pradesh,2011,3,Pre-Monsoon,32.3,65.4,1013.5,4.0,40.8,12.3
Andhra Pradesh,2011,4,Pre-Monsoon,34.5,53.4,1006.2,1.7,25.0,22.1
Andhra Pradesh,2011,5,Pre-Monsoon,34.4,53.7,1015.5,4.7,15.1,32.4
Andhra Pradesh,2011,6,Monsoon,26.0,82.6,1017.5,5.2,76.2,121.3
Andhra Pradesh,2011,7,Monsoon,36.1,98.7,1009.3,3.0,68.9,91.7
Andhra Pradesh,2011,8,Monsoon,31.9,75.6,1012.5,5.3,73.5,80.2
Andhra Pradesh,2011,9,Monsoon,33.3,70.0,1010.7,4.5,75.2,101.5
Andhra Pradesh,2011,10,Post-Monsoon,32.2,64.7,1010.4,2.1,25.8,71.1
Andhra Pradesh,2011,11,Post-Monsoon,29.7,71.8,1013.1,2.0,44.3,58.7
Andhra Pradesh,2011,12,Winter,28.3,66.7,1008.8,3.0,43.2,94.2
Andhra Pradesh,2012,1,Winter,28.9,68.9,1005.1,4.9,13.9,69.5
Andhra Pradesh,2012,2,Winter,27.9,55.6,1012.1,2.4,54.6,57.9
Andhra Pradesh,2012,3,Pre-Monsoon,33.5,46.3,1025.1,1.4,39.9,47.6
Andhra Pradesh,2012,4,Pre-Monsoon,33.8,71.5,1024.7,2.8,44.8,75.4
Andhra Pradesh,2012,5,Pre-Monsoon,36.0,61.3,1020.5,3.6,51.2,56.4
Andhra Pradesh,2012,6,Monsoon,30.7,86.9,1003.4,6.1,74.8,116.3
Andhra Pradesh,2012,7,Monsoon,29.8,74.4,1008.8,4.7,85.1,112.4
Andhra Pradesh,2012,8,Monsoon,31.7,82.3,1016.5,6.0,85.6,127.4
Andhra Pradesh,2012,9,Monsoon,31.6,73.0,1005.7,5.0,74.8,110.2
Andhra Pradesh,2012,10,Post-Monsoon,34.4,70.8,1021.8,2.6,22.9,50.9
Andhra Pradesh,2012,11,Post-Monsoon,29.4,77.5,1018.5,3.0,53.5,41.5
Andhra Pradesh,2012,12,Winter,28.2,54.5,1012.9,2.2,44.9,68.0
Andhra Pradesh,2013,1,Winter,29.7,60.2,1018.0,2.7,10.5,18.9
Andhra Pradesh,2013,2,Winter,26.7,73.9,1016.2,1.3,32.9,104.5
Andhra Pradesh,2013,3,Pre-Monsoon,34.2,62.4,1016.4,3.3,28.2,63.4
Andhra Pradesh,2013,4,Pre-Monsoon,33.3,70.8,1014.2,3.0,23.6,39.2
Andhra Pradesh,2013,5,Pre-Monsoon,35.9,64.4,1015.0,2.2,48.5,59.2
Andhra Pradesh,2013,6,Monsoon,30.7,91.3,1021.2,4.0,100.0,132.6
Andhra Pradesh,2013,7,Monsoon,28.9,88.0,1010.3,4.9,74.4,109.6
Andhra Pradesh,2013,8,Monsoon,29.2,92.9,1004.9,3.4,80.5,150.3
Andhra Pradesh,2013,9,Monsoon,30.3,90.6,1020.5,5.3,70.3,80.6
Andhra Pradesh,2013,10,Post-Monsoon,26.6,62.9,1021.2,1.4,45.5,46.6
Andhra Pradesh,2013,11,Post-Monsoon,31.2,70.7,1008.4,2.7,28.8,76.2
Andhra Pradesh,2013,12,Winter,27.5,65.5,1023.9,3.2,24.6,47.7
Andhra Pradesh,2014,1,Winter,26.8,65.6,1030.7,2.9,4.5,13.9
Andhra Pradesh,2014,2,Winter,23.1,62.4,999.1,1.6,12.2,38.7
Andhra Pradesh,2014,3,Pre-Monsoon,34.0,67.4,1012.3,1.1,42.7,75.7
Andhra Pradesh,2014,4,Pre-Monsoon,34.8,61.6,1003.0,1.6,41.8,63.5
Andhra Pradesh,2014,5,Pre-Monsoon,34.5,71.4,1018.0,3.0,25.1,41.5
Andhra Pradesh,2014,6,Monsoon,29.3,85.1,1015.3,6.2,55.4,69.2
Andhra Pradesh,2014,7,Monsoon,34.0,91.1,1018.8,5.1,94.5,70.7
Andhra Pradesh,2014,8,Monsoon,28.2,84.9,997.9,5.7,93.3,82.5
Andhra Pradesh,2014,9,Monsoon,30.3,84.4,1013.4,4.6,83.4,76.0
Andhra Pradesh,2014,10,Post-Monsoon,32.9,68.6,1008.8,3.8,14.6,33.2
Andhra Pradesh,2014,11,Post-Monsoon,32.9,59.2,1015.2,3.0,22.1,32.0
Andhra Pradesh,2014,12,Winter,26.7,60.6,1029.1,1.7,50.1,39.8
Andhra Pradesh,2015,1,Winter,24.8,65.8,1017.5,3.4,58.4,96.7
Andhra Pradesh,2015,2,Winter,27.5,59.7,1016.2,2.2,48.9,29.8
Andhra Pradesh,2015,3,Pre-Monsoon,38.7,71.8,1001.2,1.8,47.2,72.8
Andhra Pradesh,2015,4,Pre-Monsoon,31.5,70.7,999.4,2.4,51.7,51.1
Andhra Pradesh,2015,5,Pre-Monsoon,31.0,66.2,1008.8,3.1,21.7,26.7
Andhra Pradesh,2015,6,Monsoon,27.0,86.4,1011.9,3.3,77.9,91.0
Andhra Pradesh,2015,7,Monsoon,30.6,87.1,1014.9,3.3,100.0,81.8
Andhra Pradesh,2015,8,Monsoon,32.3,91.2,1012.0,5.1,78.7,59.1
Andhra Pradesh,2015,9,Monsoon,30.3,80.1,1009.8,3.2,91.9,104.8
Andhra Pradesh,2015,10,Post-Monsoon,33.0,75.2,1010.6,1.9,23.3,50.7
Andhra Pradesh,2015,11,Post-Monsoon,31.5,64.4,1022.1,2.9,22.4,23.9
Andhra Pradesh,2015,12,Winter,28.4,73.3,1016.9,4.4,59.5,65.6
Andhra Pradesh,2016,1,Winter,25.3,54.5,1010.3,3.3,62.4,86.9
Andhra Pradesh,2016,2,Winter,29.3,63.0,1017.4,3.3,5.3,26.9
Andhra Pradesh,2016,3,Pre-Monsoon,35.9,67.2,1004.6,0.1,29.5,60.6
Andhra Pradesh,2016,4,Pre-Monsoon,32.2,66.1,1016.5,3.2,0.0,6.8
Andhra Pradesh,2016,5,Pre-Monsoon,33.4,69.6,1016.4,3.0,29.2,52.0
Andhra Pradesh,2016,6,Monsoon,29.5,91.1,1006.6,5.4,78.1,113.7
Andhra Pradesh,2016,7,Monsoon,29.7,74.2,1008.5,4.2,39.5,68.7
Andhra Pradesh,2016,8,Monsoon,32.8,89.5,1009.5,4.5,66.7,106.2
Andhra Pradesh,2016,9,Monsoon,34.1,92.7,1016.6,4.0,86.2,84.3
Andhra Pradesh,2016,10,Post-Monsoon,30.5,69.7,1018.2,3.2,39.4,62.2
Andhra Pradesh,2016,11,Post-Monsoon,32.1,57.4,1007.1,2.6,37.6,25.2
Andhra Pradesh,2016,12,Winter,27.9,71.2,1012.5,4.9,24.8,50.3
Andhra Pradesh,2017,1,Winter,26.2,64.4,1010.7,1.1,26.8,53.8
Andhra Pradesh,2017,2,Winter,29.5,82.6,1022.3,1.7,24.6,57.1
Andhra Pradesh,2017,3,Pre-Monsoon,37.6,63.7,1003.7,2.0,46.4,87.6
Andhra Pradesh,2017,4,Pre-Monsoon,33.6,70.5,997.1,2.6,47.9,65.1
Andhra Pradesh,2017,5,Pre-Monsoon,32.3,50.1,1024.1,1.8,38.6,63.4
Andhra Pradesh,2017,6,Monsoon,34.0,83.8,1009.2,4.7,94.3,118.6
Andhra Pradesh,2017,7,Monsoon,29.1,72.7,1004.5,5.4,70.2,85.8
Andhra Pradesh,2017,8,Monsoon,29.6,85.7,1011.3,4.2,95.2,153.8
Andhra Pradesh,2017,9,Monsoon,27.8,87.6,1007.6,4.3,79.6,109.0
Andhra Pradesh,2017,10,Post-Monsoon,31.5,70.4,1015.1,1.9,25.6,27.9
Andhra Pradesh,2017,11,Post-Monsoon,29.3,80.7,1007.5,1.3,39.8,75.1
Andhra Pradesh,2017,12,Winter,26.6,76.3,1016.8,2.0,28.6,51.9
Andhra Pradesh,2018,1,Winter,28.7,62.5,1000.4,2.5,11.9,90.6
Andhra Pradesh,2018,2,Winter,25.1,63.7,1014.8,2.2,30.6,65.3
Andhra Pradesh,2018,3,Pre-Monsoon,37.1,71.1,1023.3,1.5,39.8,68.3
Andhra Pradesh,2018,4,Pre-Monsoon,34.7,76.0,1011.5,2.1,43.0,39.9
Andhra Pradesh,2018,5,Pre-Monsoon,33.5,63.9,1006.6,3.6,19.1,48.3
Andhra Pradesh,2018,6,Monsoon,31.6,95.8,1012.9,5.4,85.5,123.2
Andhra Pradesh,2018,7,Monsoon,28.8,73.5,1013.7,4.0,88.8,124.6
Andhra Pradesh,2018,8,Monsoon,30.6,75.7,1016.6,3.5,63.6,70.1
Andhra Pradesh,2018,9,Monsoon,30.7,94.4,1013.0,4.1,52.1,104.2
Andhra Pradesh,2018,10,Post-Monsoon,29.4,65.9,1010.5,3.3,32.6,60.3
Andhra Pradesh,2018,11,Post-Monsoon,32.0,81.9,1019.2,2.4,35.0,59.0
Andhra Pradesh,2018,12,Winter,25.1,60.6,1007.6,3.2,18.9,75.1
Andhra Pradesh,2019,1,Winter,28.5,65.2,1013.0,1.9,39.1,113.0
Andhra Pradesh,2019,2,Winter,25.6,52.7,1017.9,2.8,18.2,31.7
Andhra Pradesh,2019,3,Pre-Monsoon,32.3,59.2,1010.7,2.2,25.2,47.1
Andhra Pradesh,2019,4,Pre-Monsoon,33.5,66.3,1010.8,3.7,42.6,49.1
Andhra Pradesh,2019,5,Pre-Monsoon,35.0,69.8,1010.0,1.0,35.1,85.6
Andhra Pradesh,2019,6,Monsoon,28.8,73.4,1012.4,4.3,68.7,120.1
Andhra Pradesh,2019,7,Monsoon,28.8,81.5,1016.7,4.2,49.9,94.5
Andhra Pradesh,2019,8,Monsoon,28.9,87.1,1015.2,2.8,86.4,121.0
Andhra Pradesh,2019,9,Monsoon,34.1,84.6,1004.3,3.4,80.2,137.0
Andhra Pradesh,2019,10,Post-Monsoon,30.8,77.9,1008.1,2.6,56.3,122.1
Andhra Pradesh,2019,11,Post-Monsoon,27.8,69.0,1004.9,3.9,22.7,152.1
Andhra Pradesh,2019,12,Winter,29.9,58.6,1013.1,3.3,46.8,99.0
Andhra Pradesh,2020,1,Winter,29.5,64.0,1010.4,2.2,47.9,103.8
Andhra Pradesh,2020,2,Winter,27.6,71.4,998.6,2.8,38.3,139.6
Andhra Pradesh,2020,3,Pre-Monsoon,30.9,77.5,1013.5,3.0,60.1,130.5
Andhra Pradesh,2020,4,Pre-Monsoon,34.8,66.9,1009.6,2.5,24.3,71.3
Andhra Pradesh,2020,5,Pre-Monsoon,29.3,68.4,1012.1,2.2,38.3,49.6
Andhra Pradesh,2020,6,Monsoon,34.9,84.2,1012.0,3.5,75.4,173.9
Andhra Pradesh,2020,7,Monsoon,33.1,91.8,1016.8,4.1,53.2,113.0
Andhra Pradesh,2020,8,Monsoon,30.5,93.4,1015.2,6.1,93.0,149.8
Andhra Pradesh,2020,9,Monsoon,27.4,96.1,1022.5,3.1,97.6,174.7
Andhra Pradesh,2020,10,Post-Monsoon,31.3,77.9,1022.4,3.2,42.1,108.9
Andhra Pradesh,2020,11,Post-Monsoon,30.2,64.6,1006.7,2.2,29.5,61.0
Andhra Pradesh,2020,12,Winter,27.3,62.4,1016.5,0.9,33.3,78.1
Andhra Pradesh,2021,1,Winter,26.4,63.6,1001.9,2.9,44.7,83.1
Andhra Pradesh,2021,2,Winter,29.1,66.6,1016.4,2.7,45.3,38.1
Andhra Pradesh,2021,3,Pre-Monsoon,32.2,77.7,995.8,2.4,52.6,88.5
Andhra Pradesh,2021,4,Pre-Monsoon,33.2,66.0,1010.5,2.5,24.7,77.4
Andhra Pradesh,2021,5,Pre-Monsoon,36.8,63.9,1003.3,2.0,32.2,72.9
Andhra Pradesh,2021,6,Monsoon,29.0,78.8,1016.6,5.4,65.7,66.6
Andhra Pradesh,2021,7,Monsoon,37.6,91.3,1011.1,5.4,73.1,126.2
Andhra Pradesh,2021,8,Monsoon,31.3,85.7,1012.2,3.1,100.0,107.7
Andhra Pradesh,2021,9,Monsoon,28.3,83.3,1006.3,4.4,85.3,135.6
Andhra Pradesh,2021,10,Post-Monsoon,32.6,62.6,1013.3,2.9,8.6,50.5
Andhra Pradesh,2021,11,Post-Monsoon,28.1,81.3,1010.2,2.3,23.5,50.9
Andhra Pradesh,2021,12,Winter,31.5,72.5,1002.2,4.0,52.9,79.3
Andhra Pradesh,2022,1,Winter,27.6,64.9,1026.8,1.7,37.2,49.4
Andhra Pradesh,2022,2,Winter,24.1,82.5,1004.7,2.7,8.9,46.8
Andhra Pradesh,2022,3,Pre-Monsoon,34.8,58.4,1017.1,2.2,52.4,97.4
Andhra Pradesh,2022,4,Pre-Monsoon,32.8,65.6,1014.3,3.1,35.2,65.6
Andhra Pradesh,2022,5,Pre-Monsoon,33.5,65.9,1022.1,3.1,45.5,81.6
Andhra Pradesh,2022,6,Monsoon,30.7,87.6,1005.4,5.8,33.3,75.2
Andhra Pradesh,2022,7,Monsoon,33.3,74.1,1015.8,3.8,69.5,112.6
Andhra Pradesh,2022,8,Monsoon,31.4,68.7,1006.2,5.5,81.7,139.1
Andhra Pradesh,2022,9,Monsoon,34.4,82.3,1030.5,4.5,60.6,72.9
Andhra Pradesh,2022,10,Post-Monsoon,26.5,77.9,1024.2,1.5,31.6,64.2
Andhra Pradesh,2022,11,Post-Monsoon,29.1,51.0,1011.5,2.2,29.2,53.8
Andhra Pradesh,2022,12,Winter,29.9,62.6,1014.2,3.2,43.3,54.2
Andhra Pradesh,2023,1,Winter,27.2,69.4,1005.1,3.8,56.5,70.3
Andhra Pradesh,2023,2,Winter,27.4,70.1,1009.2,3.0,37.4,39.0
Andhra Pradesh,2023,3,Pre-Monsoon,34.9,56.2,1019.6,1.8,32.6,79.4
Andhra Pradesh,2023,4,Pre-Monsoon,35.0,56.4,1005.9,1.9,40.9,71.4
Andhra Pradesh,2023,5,Pre-Monsoon,32.3,55.7,1015.0,2.3,67.4,82.0
Andhra Pradesh,2023,6,Monsoon,34.6,75.6,1002.0,3.4,92.8,154.0
Andhra Pradesh,2023,7,Monsoon,29.4,81.3,1004.8,2.7,85.8,119.9
Andhra Pradesh,2023,8,Monsoon,31.0,73.8,1024.5,4.0,83.0,71.8
Andhra Pradesh,2023,9,Monsoon,30.6,87.3,1015.3,4.7,82.4,89.6
Andhra Pradesh,2023,10,Post-Monsoon,31.4,65.9,1014.6,2.6,15.9,20.1
Andhra Pradesh,2023,11,Post-Monsoon,26.6,71.5,1018.8,3.3,39.6,24.4
Andhra Pradesh,2023,12,Winter,24.9,66.4,1013.9,2.3,40.5,66.9
Andhra Pradesh,2024,1,Winter,27.2,59.9,1019.9,2.1,15.0,24.6
Andhra Pradesh,2024,2,Winter,26.3,73.0,1012.7,2.3,16.3,67.4
Andhra Pradesh,2024,3,Pre-Monsoon,32.7,64.2,1023.4,3.0,10.6,2.2
Andhra Pradesh,2024,4,Pre-Monsoon,33.9,55.3,1017.5,2.5,37.5,42.0
Andhra Pradesh,2024,5,Pre-Monsoon,37.5,87.7,1011.0,2.9,36.5,72.2
Andhra Pradesh,2024,6,Monsoon,29.3,76.3,1005.1,4.9,67.2,46.0
Andhra Pradesh,2024,7,Monsoon,31.9,84.7,1022.4,4.9,52.8,39.5
Andhra Pradesh,2024,8,Monsoon,29.6,80.0,1019.6,4.5,92.0,87.3
Andhra Pradesh,2024,9,Monsoon,32.9,90.8,998.9,5.8,76.4,123.9
Andhra Pradesh,2024,10,Post-Monsoon,29.3,75.2,1004.7,3.3,47.3,61.6
Andhra Pradesh,2024,11,Post-Monsoon,35.0,66.9,1017.6,1.0,66.8,62.0
Andhra Pradesh,2024,12,Winter,29.0,57.0,1008.7,3.3,50.4,45.7
